indicator_id,Activity,LibraryName,CollectionFrequency,financialYear,Total,April,May,June,Q1,July,Aug,September,Q2,October,November,December,Q3,January,February,March,Q4,Polarity
BYS236,% of residents who volunteer at least once per week (All Responses),No Name,Annual,2012-03-31,0.0,0.0,0.0,0.0,0.0,0.0,0.0,0.0,0.0,0.0,0.0,0.0,0.0,0.0,0.0,0.0,0.0,Up is Good
BYS236,% of residents who volunteer at least once per week (All Responses),No Name,Annual,2013-03-31,16.0,0.0,0.0,0.0,0.0,0.0,0.0,0.0,0.0,0.0,0.0,0.0,0.0,0.0,0.0,0.0,0.0,Up is Good
BYS236,% of residents who volunteer at least once per week (All Responses),No Name,Annual,2014-03-31,21.0,0.0,0.0,0.0,0.0,0.0,0.0,0.0,0.0,0.0,0.0,0.0,0.0,0.0,0.0,0.0,0.0,Up is Good
BYS236,% of residents who volunteer at least once per week (All Responses),No Name,Annual,2015-03-31,-1.0,0.0,0.0,0.0,0.0,0.0,0.0,0.0,0.0,0.0,0.0,0.0,0.0,0.0,0.0,0.0,0.0,Up is Good
BYS236,% of residents who volunteer at least once per week (All Responses),No Name,Annual,2016-03-31,-1.0,0.0,0.0,0.0,0.0,0.0,0.0,0.0,0.0,0.0,0.0,0.0,0.0,0.0,0.0,0.0,0.0,Up is Good
LIB01,Library Visits,All Libraries,Monthly,2012-03-31,1009148.0,0.0,0.0,0.0,0.0,0.0,0.0,0.0,0.0,0.0,0.0,0.0,0.0,0.0,0.0,0.0,0.0,Up is Good
LIB01,Library Visits,All Libraries,Monthly,2013-03-31,1005595.0,0.0,0.0,0.0,0.0,0.0,0.0,0.0,0.0,0.0,0.0,0.0,0.0,0.0,0.0,0.0,0.0,Up is Good
LIB01,Library Visits,All Libraries,Monthly,2014-03-31,1043285.0,0.0,0.0,0.0,0.0,0.0,0.0,0.0,0.0,0.0,0.0,0.0,0.0,0.0,0.0,0.0,0.0,Up is Good
LIB01,Library Visits,All Libraries,Monthly,2015-03-31,799083.0,79285.0,80749.0,50333.0,210367.0,65765.0,61613.0,57461.0,184839.0,56479.0,51650.0,37320.0,145449.0,87197.0,80377.0,90854.0,258428.0,Up is Good
LIB01,Library Visits,All Libraries,Monthly,2016-03-31,997606.0,82346.0,81528.0,83963.0,247837.0,96661.0,91136.0,86583.0,274380.0,88906.0,78734.0,60843.0,228483.0,80107.0,84228.0,82571.0,246906.0,Up is Good
LIB01,Library Visits,All Libraries,Monthly,2017-03-31,1025480.0,86011.0,80379.0,92914.0,259304.0,101113.0,113880.0,90303.0,305296.0,84638.0,74999.0,63584.0,223221.0,77741.0,74449.0,85469.0,237659.0,Up is Good
LIB01,Library Visits,All Libraries,Monthly,2018-03-31,1014173.0,78601.0,87772.0,89253.0,255626.0,97666.0,103878.0,90990.0,292534.0,87882.0,79707.0,62762.0,230351.0,79995.0,73280.0,82387.0,235662.0,Up is Good
LIB01,Library Visits,All Libraries,Monthly,2019-03-31,1045617.0,79497.0,81301.0,85778.0,246576.0,108246.0,102687.0,89360.0,300293.0,94220.0,84127.0,63677.0,242024.0,88272.0,82479.0,85973.0,256724.0,Up is Good
LIB01,Library Visits,All Libraries,Monthly,2020-03-31,1023034.0,84859.0,89509.0,89726.0,264094.0,101892.0,106394.0,90651.0,298937.0,90883.0,83090.0,65868.0,239841.0,89106.0,80074.0,50982.0,220162.0,Up is Good
LIB01,Library Visits,All Libraries,Monthly,2021-03-31,183706.0,0.0,0.0,0.0,0.0,21556.0,26405.0,33095.0,81056.0,38084.0,12611.0,22356.0,73051.0,8761.0,6475.0,14363.0,29599.0,Up is Good
LIB01,Library Visits,All Libraries,Monthly,2022-03-31,617771.0,26865.0,36014.0,43940.0,106819.0,49483.0,60460.0,57399.0,167342.0,59021.0,60093.0,43985.0,163099.0,57077.0,56159.0,67275.0,180511.0,Up is Good
LIB01,Library Visits,All Libraries,Monthly,2023-03-31,0.0,66483.0,70706.0,69028.0,206217.0,73145.0,81691.0,71230.0,226066.0,74891.0,70924.0,56145.0,201960.0,0.0,0.0,0.0,0.0,Up is Good
LIB01-A,Library Visits,Acomb Explore,Monthly,2012-03-31,131030.0,0.0,0.0,0.0,0.0,0.0,0.0,0.0,0.0,0.0,0.0,0.0,0.0,0.0,0.0,0.0,0.0,Up is Good
LIB01-A,Library Visits,Acomb Explore,Monthly,2013-03-31,109702.0,0.0,0.0,0.0,0.0,0.0,0.0,0.0,0.0,0.0,0.0,0.0,0.0,0.0,0.0,0.0,0.0,Up is Good
LIB01-A,Library Visits,Acomb Explore,Monthly,2014-03-31,117402.0,0.0,0.0,0.0,0.0,0.0,0.0,0.0,0.0,0.0,0.0,0.0,0.0,0.0,0.0,0.0,0.0,Up is Good
LIB01-A,Library Visits,Acomb Explore,Monthly,2015-03-31,141547.0,8839.0,9488.0,11263.0,29590.0,15632.0,14641.0,13449.0,43722.0,14119.0,13165.0,8444.0,35728.0,11545.0,9989.0,10973.0,32507.0,Up is Good
LIB01-A,Library Visits,Acomb Explore,Monthly,2016-03-31,110926.0,9031.0,9270.0,9140.0,27441.0,10978.0,9975.0,9278.0,30231.0,9870.0,9296.0,6229.0,25395.0,8510.0,9833.0,9516.0,27859.0,Up is Good
LIB01-A,Library Visits,Acomb Explore,Monthly,2017-03-31,106316.0,8865.0,8486.0,8073.0,25424.0,10084.0,10131.0,9080.0,29295.0,9211.0,8214.0,6613.0,24038.0,8908.0,8707.0,9944.0,27559.0,Up is Good
LIB01-A,Library Visits,Acomb Explore,Monthly,2018-03-31,109785.0,8669.0,7947.0,8151.0,24767.0,9900.0,10449.0,9766.0,30115.0,9835.0,9119.0,7191.0,26145.0,9530.0,9128.0,10100.0,28758.0,Up is Good
LIB01-A,Library Visits,Acomb Explore,Monthly,2019-03-31,107442.0,8917.0,8895.0,8814.0,26626.0,9920.0,9259.0,8804.0,27983.0,9988.0,8957.0,6808.0,25753.0,9712.0,8436.0,8932.0,27080.0,Up is Good
LIB01-A,Library Visits,Acomb Explore,Monthly,2020-03-31,102475.0,8145.0,8388.0,8486.0,25019.0,9739.0,10053.0,8879.0,28671.0,9421.0,8867.0,6500.0,24788.0,9575.0,8785.0,5637.0,23997.0,Up is Good
LIB01-A,Library Visits,Acomb Explore,Monthly,2021-03-31,18806.0,0.0,0.0,0.0,0.0,1504.0,1407.0,3179.0,6090.0,4204.0,1536.0,2513.0,8253.0,1787.0,1225.0,1451.0,4463.0,Up is Good
LIB01-A,Library Visits,Acomb Explore,Monthly,2022-03-31,64474.0,2255.0,3259.0,4255.0,9769.0,5424.0,5877.0,5968.0,17269.0,6200.0,6635.0,4917.0,17752.0,5770.0,6641.0,7273.0,19684.0,Up is Good
LIB01-A,Library Visits,Acomb Explore,Monthly,2023-03-31,0.0,6768.0,7070.0,6498.0,20336.0,7901.0,8389.0,7602.0,23892.0,7999.0,7947.0,6621.0,22567.0,0.0,0.0,0.0,0.0,Up is Good
LIB01-B,Library Visits,Bishopthorpe Library,Monthly,2012-03-31,25428.0,0.0,0.0,0.0,0.0,0.0,0.0,0.0,0.0,0.0,0.0,0.0,0.0,0.0,0.0,0.0,0.0,Up is Good
LIB01-B,Library Visits,Bishopthorpe Library,Monthly,2013-03-31,21532.0,0.0,0.0,0.0,0.0,0.0,0.0,0.0,0.0,0.0,0.0,0.0,0.0,0.0,0.0,0.0,0.0,Up is Good
LIB01-B,Library Visits,Bishopthorpe Library,Monthly,2014-03-31,23193.0,0.0,0.0,0.0,0.0,0.0,0.0,0.0,0.0,0.0,0.0,0.0,0.0,0.0,0.0,0.0,0.0,Up is Good
LIB01-B,Library Visits,Bishopthorpe Library,Monthly,2015-03-31,27338.0,1925.0,1917.0,2687.0,6529.0,3542.0,2762.0,3368.0,9672.0,2346.0,2025.0,1479.0,5850.0,1880.0,1617.0,1790.0,5287.0,Up is Good
LIB01-B,Library Visits,Bishopthorpe Library,Monthly,2016-03-31,23619.0,1492.0,1702.0,2205.0,5399.0,2997.0,2680.0,1884.0,7561.0,1942.0,1768.0,1379.0,5089.0,1813.0,1759.0,1998.0,5570.0,Up is Good
LIB01-B,Library Visits,Bishopthorpe Library,Monthly,2017-03-31,26532.0,1780.0,1870.0,2650.0,6300.0,3040.0,3014.0,2772.0,8826.0,1985.0,1845.0,1692.0,5522.0,1878.0,1794.0,2212.0,5884.0,Up is Good
LIB01-B,Library Visits,Bishopthorpe Library,Monthly,2018-03-31,28397.0,1908.0,2327.0,2784.0,7019.0,3026.0,2747.0,2877.0,8650.0,2601.0,2305.0,1748.0,6654.0,2173.0,1952.0,1949.0,6074.0,Up is Good
LIB01-B,Library Visits,Bishopthorpe Library,Monthly,2019-03-31,26789.0,2112.0,2194.0,2465.0,6771.0,2758.0,2787.0,2657.0,8202.0,2236.0,2000.0,1446.0,5682.0,2197.0,1879.0,2058.0,6134.0,Up is Good
LIB01-B,Library Visits,Bishopthorpe Library,Monthly,2020-03-31,25878.0,1947.0,2317.0,2491.0,6755.0,3039.0,2676.0,2494.0,8209.0,2083.0,1928.0,1506.0,5517.0,2109.0,1856.0,1432.0,5397.0,Up is Good
LIB01-B,Library Visits,Bishopthorpe Library,Monthly,2021-03-31,3255.0,0.0,0.0,0.0,0.0,0.0,0.0,946.0,946.0,1138.0,228.0,863.0,2229.0,80.0,0.0,0.0,80.0,Up is Good
LIB01-B,Library Visits,Bishopthorpe Library,Monthly,2022-03-31,19322.0,997.0,1215.0,1237.0,3449.0,1690.0,1672.0,1944.0,5306.0,2003.0,1821.0,1638.0,5462.0,1602.0,1626.0,1877.0,5105.0,Up is Good
LIB01-B,Library Visits,Bishopthorpe Library,Monthly,2023-03-31,0.0,1549.0,1874.0,2164.0,5587.0,2533.0,2476.0,2741.0,7750.0,1928.0,1988.0,1371.0,5287.0,0.0,0.0,0.0,0.0,Up is Good
LIB01-C,Library Visits,Clifton Explore,Monthly,2012-03-31,32361.0,0.0,0.0,0.0,0.0,0.0,0.0,0.0,0.0,0.0,0.0,0.0,0.0,0.0,0.0,0.0,0.0,Up is Good
LIB01-C,Library Visits,Clifton Explore,Monthly,2013-03-31,31724.0,0.0,0.0,0.0,0.0,0.0,0.0,0.0,0.0,0.0,0.0,0.0,0.0,0.0,0.0,0.0,0.0,Up is Good
LIB01-C,Library Visits,Clifton Explore,Monthly,2014-03-31,35615.0,0.0,0.0,0.0,0.0,0.0,0.0,0.0,0.0,0.0,0.0,0.0,0.0,0.0,0.0,0.0,0.0,Up is Good
LIB01-C,Library Visits,Clifton Explore,Monthly,2015-03-31,41890.0,3062.0,3454.0,4101.0,10617.0,4046.0,4059.0,4183.0,12288.0,3908.0,3595.0,2329.0,9832.0,3001.0,2836.0,3316.0,9153.0,Up is Good
LIB01-C,Library Visits,Clifton Explore,Monthly,2016-03-31,36193.0,3119.0,3306.0,3031.0,9456.0,3581.0,2872.0,3374.0,9827.0,3203.0,2643.0,2404.0,8250.0,2560.0,2851.0,3249.0,8660.0,Up is Good
LIB01-C,Library Visits,Clifton Explore,Monthly,2017-03-31,37279.0,3069.0,3161.0,3946.0,10176.0,3359.0,3497.0,3152.0,10008.0,2775.0,3020.0,2400.0,8195.0,2967.0,2696.0,3237.0,8900.0,Up is Good
LIB01-C,Library Visits,Clifton Explore,Monthly,2018-03-31,40212.0,2891.0,3205.0,4275.0,10371.0,3981.0,3999.0,3418.0,11398.0,3479.0,2927.0,2173.0,8579.0,3348.0,2874.0,3642.0,9864.0,Up is Good
LIB01-C,Library Visits,Clifton Explore,Monthly,2019-03-31,39709.0,3095.0,3091.0,3064.0,9250.0,3635.0,4315.0,3094.0,11044.0,3971.0,3577.0,2312.0,9860.0,3246.0,3265.0,3044.0,9555.0,Up is Good
LIB01-C,Library Visits,Clifton Explore,Monthly,2020-03-31,39031.0,3835.0,3363.0,2939.0,10137.0,3494.0,4317.0,3043.0,10854.0,3486.0,3344.0,2018.0,8848.0,3666.0,3507.0,2019.0,9192.0,Up is Good
LIB01-C,Library Visits,Clifton Explore,Monthly,2021-03-31,3592.0,0.0,0.0,0.0,0.0,414.0,314.0,840.0,1568.0,1157.0,188.0,639.0,1984.0,40.0,0.0,0.0,40.0,Up is Good
LIB01-C,Library Visits,Clifton Explore,Monthly,2022-03-31,21622.0,929.0,940.0,1124.0,2993.0,1602.0,1831.0,2014.0,5447.0,2352.0,2280.0,1585.0,6217.0,2065.0,2067.0,2833.0,6965.0,Up is Good
LIB01-C,Library Visits,Clifton Explore,Monthly,2023-03-31,0.0,2572.0,2558.0,2542.0,7672.0,3086.0,3055.0,2818.0,8959.0,2523.0,2862.0,2044.0,7429.0,0.0,0.0,0.0,0.0,Up is Good
LIB01-D,Library Visits,Copmanthorpe Library,Monthly,2012-03-31,24289.0,0.0,0.0,0.0,0.0,0.0,0.0,0.0,0.0,0.0,0.0,0.0,0.0,0.0,0.0,0.0,0.0,Up is Good
LIB01-D,Library Visits,Copmanthorpe Library,Monthly,2013-03-31,22730.0,0.0,0.0,0.0,0.0,0.0,0.0,0.0,0.0,0.0,0.0,0.0,0.0,0.0,0.0,0.0,0.0,Up is Good
LIB01-D,Library Visits,Copmanthorpe Library,Monthly,2014-03-31,24507.0,0.0,0.0,0.0,0.0,0.0,0.0,0.0,0.0,0.0,0.0,0.0,0.0,0.0,0.0,0.0,0.0,Up is Good
LIB01-D,Library Visits,Copmanthorpe Library,Monthly,2015-03-31,24820.0,1803.0,1875.0,1973.0,5651.0,2593.0,2414.0,2321.0,7328.0,2212.0,2075.0,1460.0,5747.0,2080.0,1914.0,2100.0,6094.0,Up is Good
LIB01-D,Library Visits,Copmanthorpe Library,Monthly,2016-03-31,24612.0,1680.0,1869.0,2140.0,5829.0,2428.0,2520.0,2237.0,7185.0,2251.0,2036.0,1581.0,5868.0,1939.0,1944.0,1847.0,5730.0,Up is Good
LIB01-D,Library Visits,Copmanthorpe Library,Monthly,2017-03-31,24702.0,2264.0,1975.0,2347.0,6586.0,2120.0,2092.0,2164.0,6376.0,2387.0,1832.0,1656.0,5875.0,2009.0,1889.0,1967.0,5865.0,Up is Good
LIB01-D,Library Visits,Copmanthorpe Library,Monthly,2018-03-31,23164.0,1699.0,1709.0,1833.0,5241.0,2062.0,2164.0,2162.0,6388.0,2114.0,2021.0,1627.0,5762.0,2192.0,1654.0,1927.0,5773.0,Up is Good
LIB01-D,Library Visits,Copmanthorpe Library,Monthly,2019-03-31,23446.0,1802.0,1699.0,1839.0,5340.0,2203.0,2193.0,2184.0,6580.0,2120.0,2288.0,1384.0,5792.0,1852.0,1747.0,2135.0,5734.0,Up is Good
LIB01-D,Library Visits,Copmanthorpe Library,Monthly,2020-03-31,22258.0,1958.0,1800.0,1802.0,5560.0,1937.0,2104.0,1943.0,5984.0,1919.0,2060.0,1406.0,5385.0,1920.0,2139.0,1270.0,5329.0,Up is Good
LIB01-D,Library Visits,Copmanthorpe Library,Monthly,2021-03-31,2549.0,0.0,0.0,0.0,0.0,0.0,0.0,697.0,697.0,1002.0,158.0,617.0,1777.0,75.0,0.0,0.0,75.0,Up is Good
LIB01-D,Library Visits,Copmanthorpe Library,Monthly,2022-03-31,13169.0,645.0,737.0,833.0,2215.0,1090.0,1106.0,1117.0,3313.0,1251.0,1457.0,916.0,3624.0,1423.0,1122.0,1472.0,4017.0,Up is Good
LIB01-D,Library Visits,Copmanthorpe Library,Monthly,2023-03-31,0.0,1180.0,1376.0,1272.0,3828.0,1491.0,1498.0,1556.0,4545.0,1521.0,1555.0,1253.0,4329.0,0.0,0.0,0.0,0.0,Up is Good
LIB01-E,Library Visits,Dringhouses Library,Monthly,2012-03-31,25419.0,0.0,0.0,0.0,0.0,0.0,0.0,0.0,0.0,0.0,0.0,0.0,0.0,0.0,0.0,0.0,0.0,Up is Good
LIB01-E,Library Visits,Dringhouses Library,Monthly,2013-03-31,23428.0,0.0,0.0,0.0,0.0,0.0,0.0,0.0,0.0,0.0,0.0,0.0,0.0,0.0,0.0,0.0,0.0,Up is Good
LIB01-E,Library Visits,Dringhouses Library,Monthly,2014-03-31,22550.0,0.0,0.0,0.0,0.0,0.0,0.0,0.0,0.0,0.0,0.0,0.0,0.0,0.0,0.0,0.0,0.0,Up is Good
LIB01-E,Library Visits,Dringhouses Library,Monthly,2015-03-31,25002.0,1791.0,1841.0,2129.0,5761.0,2972.0,2577.0,2406.0,7955.0,2263.0,1954.0,1533.0,5750.0,1965.0,1725.0,1846.0,5536.0,Up is Good
LIB01-E,Library Visits,Dringhouses Library,Monthly,2016-03-31,23047.0,1682.0,1927.0,1980.0,5589.0,2128.0,2117.0,1935.0,6180.0,2161.0,1949.0,1636.0,5746.0,1807.0,1833.0,1892.0,5532.0,Up is Good
LIB01-E,Library Visits,Dringhouses Library,Monthly,2017-03-31,22911.0,1808.0,1777.0,1818.0,5403.0,2196.0,2163.0,2030.0,6389.0,1913.0,1908.0,1602.0,5423.0,1850.0,1914.0,1932.0,5696.0,Up is Good
LIB01-E,Library Visits,Dringhouses Library,Monthly,2018-03-31,22924.0,1733.0,1889.0,1865.0,5487.0,2147.0,2202.0,2022.0,6371.0,2099.0,2085.0,1335.0,5519.0,1915.0,1738.0,1894.0,5547.0,Up is Good
LIB01-E,Library Visits,Dringhouses Library,Monthly,2019-03-31,22086.0,1792.0,1778.0,1794.0,5364.0,2098.0,2028.0,1795.0,5921.0,2087.0,1911.0,1291.0,5289.0,1971.0,1780.0,1761.0,5512.0,Up is Good
LIB01-E,Library Visits,Dringhouses Library,Monthly,2020-03-31,20952.0,1782.0,1632.0,1779.0,5193.0,2127.0,2075.0,1624.0,5826.0,1983.0,1830.0,1303.0,5116.0,1791.0,1841.0,1185.0,4817.0,Up is Good
LIB01-E,Library Visits,Dringhouses Library,Monthly,2021-03-31,2154.0,0.0,0.0,0.0,0.0,0.0,0.0,630.0,630.0,811.0,106.0,524.0,1441.0,83.0,0.0,0.0,83.0,Up is Good
LIB01-E,Library Visits,Dringhouses Library,Monthly,2022-03-31,13257.0,462.0,738.0,723.0,1923.0,1024.0,1404.0,1341.0,3769.0,1369.0,1385.0,1087.0,3841.0,1168.0,1093.0,1463.0,3724.0,Up is Good
LIB01-E,Library Visits,Dringhouses Library,Monthly,2023-03-31,0.0,1359.0,1456.0,1299.0,4114.0,1570.0,1722.0,1475.0,4767.0,1617.0,1358.0,1153.0,4128.0,0.0,0.0,0.0,0.0,Up is Good
LIB01-F,Library Visits,Dunnington Library,Monthly,2012-03-31,15579.0,0.0,0.0,0.0,0.0,0.0,0.0,0.0,0.0,0.0,0.0,0.0,0.0,0.0,0.0,0.0,0.0,Up is Good
LIB01-F,Library Visits,Dunnington Library,Monthly,2013-03-31,15401.0,0.0,0.0,0.0,0.0,0.0,0.0,0.0,0.0,0.0,0.0,0.0,0.0,0.0,0.0,0.0,0.0,Up is Good
LIB01-F,Library Visits,Dunnington Library,Monthly,2014-03-31,18446.0,0.0,0.0,0.0,0.0,0.0,0.0,0.0,0.0,0.0,0.0,0.0,0.0,0.0,0.0,0.0,0.0,Up is Good
LIB01-F,Library Visits,Dunnington Library,Monthly,2015-03-31,19467.0,1451.0,2011.0,1503.0,4965.0,2021.0,2000.0,1480.0,5501.0,1481.0,1816.0,1316.0,4613.0,1551.0,1322.0,1515.0,4388.0,Up is Good
LIB01-F,Library Visits,Dunnington Library,Monthly,2016-03-31,20182.0,1413.0,1646.0,1461.0,4520.0,2133.0,1803.0,1593.0,5529.0,1728.0,1782.0,1464.0,4974.0,1678.0,1648.0,1833.0,5159.0,Up is Good
LIB01-F,Library Visits,Dunnington Library,Monthly,2017-03-31,20696.0,1728.0,1537.0,1574.0,4839.0,1893.0,1878.0,1793.0,5564.0,1620.0,1892.0,1601.0,5113.0,1724.0,1550.0,1906.0,5180.0,Up is Good
LIB01-F,Library Visits,Dunnington Library,Monthly,2018-03-31,20404.0,1528.0,1590.0,1487.0,4605.0,2102.0,2045.0,1829.0,5976.0,1881.0,1634.0,1473.0,4988.0,1603.0,1516.0,1716.0,4835.0,Up is Good
LIB01-F,Library Visits,Dunnington Library,Monthly,2019-03-31,20312.0,1566.0,1683.0,1902.0,5151.0,1612.0,1940.0,1812.0,5364.0,1776.0,1939.0,1272.0,4987.0,1640.0,1497.0,1673.0,4810.0,Up is Good
LIB01-F,Library Visits,Dunnington Library,Monthly,2020-03-31,19742.0,1965.0,1260.0,2006.0,5231.0,1821.0,2350.0,1755.0,5926.0,1577.0,1913.0,1126.0,4616.0,1265.0,1457.0,1247.0,3969.0,Up is Good
LIB01-F,Library Visits,Dunnington Library,Monthly,2021-03-31,2098.0,0.0,0.0,0.0,0.0,0.0,0.0,687.0,687.0,773.0,115.0,457.0,1345.0,66.0,0.0,0.0,66.0,Up is Good
LIB01-F,Library Visits,Dunnington Library,Monthly,2022-03-31,10024.0,372.0,611.0,713.0,1696.0,842.0,1034.0,911.0,2787.0,911.0,1144.0,609.0,2664.0,907.0,916.0,1054.0,2877.0,Up is Good
LIB01-F,Library Visits,Dunnington Library,Monthly,2023-03-31,0.0,1101.0,1000.0,927.0,3028.0,1092.0,1143.0,1023.0,3258.0,1121.0,989.0,974.0,3084.0,0.0,0.0,0.0,0.0,Up is Good
LIB01-G,Library Visits,Fulford Library,Monthly,2012-03-31,20797.0,0.0,0.0,0.0,0.0,0.0,0.0,0.0,0.0,0.0,0.0,0.0,0.0,0.0,0.0,0.0,0.0,Up is Good
LIB01-G,Library Visits,Fulford Library,Monthly,2013-03-31,22015.0,0.0,0.0,0.0,0.0,0.0,0.0,0.0,0.0,0.0,0.0,0.0,0.0,0.0,0.0,0.0,0.0,Up is Good
LIB01-G,Library Visits,Fulford Library,Monthly,2014-03-31,27030.0,0.0,0.0,0.0,0.0,0.0,0.0,0.0,0.0,0.0,0.0,0.0,0.0,0.0,0.0,0.0,0.0,Up is Good
LIB01-G,Library Visits,Fulford Library,Monthly,2015-03-31,28706.0,1936.0,2196.0,2446.0,6578.0,3339.0,1703.0,2882.0,7924.0,2319.0,2849.0,1703.0,6871.0,2671.0,2147.0,2515.0,7333.0,Up is Good
LIB01-G,Library Visits,Fulford Library,Monthly,2016-03-31,23975.0,1736.0,1995.0,2145.0,5876.0,1975.0,1067.0,1632.0,4674.0,2357.0,2253.0,1724.0,6334.0,2436.0,2340.0,2315.0,7091.0,Up is Good
LIB01-G,Library Visits,Fulford Library,Monthly,2017-03-31,25931.0,2056.0,1979.0,2146.0,6181.0,2377.0,1126.0,2340.0,5843.0,2368.0,2516.0,1825.0,6709.0,2498.0,1994.0,2706.0,7198.0,Up is Good
LIB01-G,Library Visits,Fulford Library,Monthly,2018-03-31,25322.0,1724.0,2235.0,2394.0,6353.0,2292.0,1406.0,2163.0,5861.0,2379.0,2273.0,1850.0,6502.0,2399.0,2036.0,2171.0,6606.0,Up is Good
LIB01-G,Library Visits,Fulford Library,Monthly,2019-03-31,25220.0,1847.0,2004.0,2039.0,5890.0,2084.0,1353.0,2259.0,5696.0,2867.0,2449.0,1625.0,6941.0,2152.0,2039.0,2502.0,6693.0,Up is Good
LIB01-G,Library Visits,Fulford Library,Monthly,2020-03-31,26335.0,1757.0,2236.0,2026.0,6019.0,2080.0,1471.0,2513.0,6064.0,2990.0,2700.0,2035.0,7725.0,2693.0,2149.0,1685.0,6527.0,Up is Good
LIB01-G,Library Visits,Fulford Library,Monthly,2021-03-31,2813.0,0.0,0.0,0.0,0.0,0.0,0.0,843.0,843.0,1181.0,143.0,612.0,1936.0,34.0,0.0,0.0,34.0,Up is Good
LIB01-G,Library Visits,Fulford Library,Monthly,2022-03-31,15163.0,649.0,1047.0,889.0,2585.0,1129.0,948.0,1085.0,3162.0,1541.0,1529.0,1254.0,4324.0,1708.0,1513.0,1871.0,5092.0,Up is Good
LIB01-G,Library Visits,Fulford Library,Monthly,2023-03-31,0.0,1467.0,1733.0,1707.0,4907.0,1920.0,1323.0,2145.0,5388.0,2092.0,2622.0,1661.0,6375.0,0.0,0.0,0.0,0.0,Up is Good
LIB01-H,Library Visits,Haxby Explore,Monthly,2012-03-31,44185.0,0.0,0.0,0.0,0.0,0.0,0.0,0.0,0.0,0.0,0.0,0.0,0.0,0.0,0.0,0.0,0.0,Up is Good
LIB01-H,Library Visits,Haxby Explore,Monthly,2013-03-31,41606.0,0.0,0.0,0.0,0.0,0.0,0.0,0.0,0.0,0.0,0.0,0.0,0.0,0.0,0.0,0.0,0.0,Up is Good
LIB01-H,Library Visits,Haxby Explore,Monthly,2014-03-31,44231.0,0.0,0.0,0.0,0.0,0.0,0.0,0.0,0.0,0.0,0.0,0.0,0.0,0.0,0.0,0.0,0.0,Up is Good
LIB01-H,Library Visits,Haxby Explore,Monthly,2015-03-31,48102.0,3544.0,3241.0,3819.0,10604.0,4947.0,5199.0,4880.0,15026.0,4502.0,4192.0,2765.0,11459.0,3918.0,3204.0,3891.0,11013.0,Up is Good
LIB01-H,Library Visits,Haxby Explore,Monthly,2016-03-31,43818.0,3075.0,3475.0,3712.0,10262.0,4476.0,4088.0,4052.0,12616.0,3613.0,3754.0,2720.0,10087.0,3763.0,3740.0,3350.0,10853.0,Up is Good
LIB01-H,Library Visits,Haxby Explore,Monthly,2017-03-31,23080.0,3763.0,3211.0,3312.0,10286.0,2827.0,1804.0,1277.0,5908.0,1354.0,1272.0,1046.0,3672.0,1081.0,1051.0,1082.0,3214.0,Up is Good
LIB01-H,Library Visits,Haxby Explore,Monthly,2018-03-31,25337.0,1035.0,1129.0,1187.0,3351.0,2334.0,3791.0,3138.0,9263.0,2702.0,2242.0,1639.0,6583.0,2290.0,2054.0,1796.0,6140.0,Up is Good
LIB01-H,Library Visits,Haxby Explore,Monthly,2019-03-31,28302.0,2142.0,2072.0,2308.0,6522.0,3170.0,3243.0,2683.0,9096.0,3409.0,1319.0,1907.0,6635.0,2344.0,2041.0,1664.0,6049.0,Up is Good
LIB01-H,Library Visits,Haxby Explore,Monthly,2020-03-31,25653.0,1847.0,1732.0,1896.0,5475.0,2980.0,3582.0,2371.0,8933.0,2744.0,2118.0,1537.0,6399.0,1612.0,1750.0,1484.0,4846.0,Up is Good
LIB01-H,Library Visits,Haxby Explore,Monthly,2021-03-31,1856.0,0.0,0.0,0.0,0.0,0.0,0.0,590.0,590.0,753.0,106.0,358.0,1217.0,49.0,0.0,0.0,49.0,Up is Good
LIB01-H,Library Visits,Haxby Explore,Monthly,2022-03-31,9149.0,411.0,548.0,598.0,1557.0,843.0,926.0,924.0,2693.0,772.0,765.0,585.0,2122.0,835.0,822.0,1120.0,2777.0,Up is Good
LIB01-H,Library Visits,Haxby Explore,Monthly,2023-03-31,0.0,1100.0,1028.0,34.0,2162.0,79.0,46.0,45.0,170.0,0.0,0.0,0.0,0.0,0.0,0.0,0.0,0.0,Up is Good
LIB01-I,Library Visits,Huntington Library,Monthly,2012-03-31,24869.0,0.0,0.0,0.0,0.0,0.0,0.0,0.0,0.0,0.0,0.0,0.0,0.0,0.0,0.0,0.0,0.0,Up is Good
LIB01-I,Library Visits,Huntington Library,Monthly,2013-03-31,22817.0,0.0,0.0,0.0,0.0,0.0,0.0,0.0,0.0,0.0,0.0,0.0,0.0,0.0,0.0,0.0,0.0,Up is Good
LIB01-I,Library Visits,Huntington Library,Monthly,2014-03-31,22052.0,0.0,0.0,0.0,0.0,0.0,0.0,0.0,0.0,0.0,0.0,0.0,0.0,0.0,0.0,0.0,0.0,Up is Good
LIB01-I,Library Visits,Huntington Library,Monthly,2015-03-31,24357.0,1767.0,1974.0,1962.0,5703.0,2355.0,2612.0,2051.0,7018.0,2252.0,1853.0,1403.0,5508.0,1965.0,1942.0,2221.0,6128.0,Up is Good
LIB01-I,Library Visits,Huntington Library,Monthly,2016-03-31,24085.0,1933.0,1870.0,1916.0,5719.0,1942.0,2093.0,2151.0,6186.0,2216.0,2071.0,1712.0,5999.0,2069.0,2031.0,2081.0,6181.0,Up is Good
LIB01-I,Library Visits,Huntington Library,Monthly,2017-03-31,24750.0,1829.0,1729.0,1964.0,5522.0,2036.0,1832.0,1985.0,5853.0,2217.0,2181.0,1824.0,6222.0,2309.0,2244.0,2600.0,7153.0,Up is Good
LIB01-I,Library Visits,Huntington Library,Monthly,2018-03-31,25734.0,2116.0,1960.0,2220.0,6296.0,2432.0,2073.0,2021.0,6526.0,2088.0,2317.0,1576.0,5981.0,2605.0,2020.0,2306.0,6931.0,Up is Good
LIB01-I,Library Visits,Huntington Library,Monthly,2019-03-31,23224.0,1920.0,1937.0,1919.0,5776.0,2206.0,2178.0,1767.0,6151.0,1524.0,1858.0,1431.0,4813.0,2472.0,1972.0,2040.0,6484.0,Up is Good
LIB01-I,Library Visits,Huntington Library,Monthly,2020-03-31,26576.0,1763.0,1764.0,2020.0,5547.0,2064.0,2040.0,2198.0,6302.0,2746.0,2674.0,1815.0,7235.0,3147.0,2564.0,1781.0,7492.0,Up is Good
LIB01-I,Library Visits,Huntington Library,Monthly,2021-03-31,2343.0,0.0,0.0,0.0,0.0,0.0,0.0,783.0,783.0,843.0,117.0,534.0,1494.0,66.0,0.0,0.0,66.0,Up is Good
LIB01-I,Library Visits,Huntington Library,Monthly,2022-03-31,12812.0,535.0,782.0,895.0,2212.0,962.0,1096.0,1109.0,3167.0,1384.0,1446.0,852.0,3682.0,1224.0,1098.0,1429.0,3751.0,Up is Good
LIB01-I,Library Visits,Huntington Library,Monthly,2023-03-31,0.0,1312.0,1485.0,1263.0,4060.0,1782.0,1680.0,1671.0,5133.0,1564.0,1674.0,1149.0,4387.0,0.0,0.0,0.0,0.0,Up is Good
LIB01-J,Library Visits,Mobile Library,Monthly,2012-03-31,13537.0,0.0,0.0,0.0,0.0,0.0,0.0,0.0,0.0,0.0,0.0,0.0,0.0,0.0,0.0,0.0,0.0,Up is Good
LIB01-J,Library Visits,Mobile Library,Monthly,2013-03-31,8568.0,0.0,0.0,0.0,0.0,0.0,0.0,0.0,0.0,0.0,0.0,0.0,0.0,0.0,0.0,0.0,0.0,Up is Good
LIB01-J,Library Visits,Mobile Library,Monthly,2014-03-31,9114.0,0.0,0.0,0.0,0.0,0.0,0.0,0.0,0.0,0.0,0.0,0.0,0.0,0.0,0.0,0.0,0.0,Up is Good
LIB01-J,Library Visits,Mobile Library,Monthly,2015-03-31,9605.0,826.0,772.0,733.0,2331.0,1005.0,710.0,851.0,2566.0,971.0,640.0,671.0,2282.0,840.0,747.0,839.0,2426.0,Up is Good
LIB01-J,Library Visits,Mobile Library,Monthly,2016-03-31,11323.0,730.0,708.0,883.0,2321.0,857.0,694.0,875.0,2426.0,750.0,920.0,1230.0,2900.0,1087.0,1328.0,1261.0,3676.0,Up is Good
LIB01-J,Library Visits,Mobile Library,Monthly,2017-03-31,13285.0,1130.0,747.0,1565.0,3442.0,1333.0,1290.0,1787.0,4410.0,1316.0,574.0,981.0,2871.0,597.0,1073.0,892.0,2562.0,Up is Good
LIB01-J,Library Visits,Mobile Library,Monthly,2018-03-31,14091.0,731.0,1396.0,1415.0,3542.0,1209.0,747.0,1132.0,3088.0,1570.0,1061.0,1075.0,3706.0,1462.0,1212.0,1081.0,3755.0,Up is Good
LIB01-J,Library Visits,Mobile Library,Monthly,2019-03-31,14149.0,1163.0,1439.0,2541.0,5143.0,994.0,958.0,1491.0,3443.0,1484.0,490.0,705.0,2679.0,1088.0,987.0,809.0,2884.0,Up is Good
LIB01-J,Library Visits,Mobile Library,Monthly,2020-03-31,10083.0,856.0,1166.0,1457.0,3479.0,1117.0,958.0,914.0,2989.0,880.0,0.0,308.0,1188.0,912.0,773.0,742.0,2427.0,Up is Good
LIB01-J,Library Visits,Mobile Library,Monthly,2021-03-31,656.0,0.0,0.0,0.0,0.0,83.0,181.0,214.0,478.0,158.0,20.0,0.0,178.0,0.0,0.0,0.0,0.0,Up is Good
LIB01-J,Library Visits,Mobile Library,Monthly,2022-03-31,5977.0,192.0,516.0,901.0,1609.0,657.0,291.0,685.0,1633.0,431.0,479.0,78.0,988.0,533.0,469.0,745.0,1747.0,Up is Good
LIB01-J,Library Visits,Mobile Library,Monthly,2023-03-31,0.0,745.0,664.0,1427.0,2836.0,477.0,363.0,395.0,1235.0,327.0,530.0,178.0,1035.0,0.0,0.0,0.0,0.0,Up is Good
LIB01-K,Library Visits,New Earswick Library,Monthly,2012-03-31,28272.0,0.0,0.0,0.0,0.0,0.0,0.0,0.0,0.0,0.0,0.0,0.0,0.0,0.0,0.0,0.0,0.0,Up is Good
LIB01-K,Library Visits,New Earswick Library,Monthly,2013-03-31,25239.0,0.0,0.0,0.0,0.0,0.0,0.0,0.0,0.0,0.0,0.0,0.0,0.0,0.0,0.0,0.0,0.0,Up is Good
LIB01-K,Library Visits,New Earswick Library,Monthly,2014-03-31,25651.0,0.0,0.0,0.0,0.0,0.0,0.0,0.0,0.0,0.0,0.0,0.0,0.0,0.0,0.0,0.0,0.0,Up is Good
LIB01-K,Library Visits,New Earswick Library,Monthly,2015-03-31,23135.0,1791.0,2215.0,2314.0,6320.0,2391.0,2031.0,2024.0,6446.0,2103.0,1834.0,1275.0,5212.0,1836.0,1513.0,1808.0,5157.0,Up is Good
LIB01-K,Library Visits,New Earswick Library,Monthly,2016-03-31,21963.0,1663.0,1479.0,1880.0,5022.0,1699.0,1345.0,1663.0,4707.0,2020.0,2083.0,1630.0,5733.0,2379.0,2014.0,2108.0,6501.0,Up is Good
LIB01-K,Library Visits,New Earswick Library,Monthly,2017-03-31,24331.0,1975.0,1918.0,1906.0,5799.0,1718.0,2028.0,2149.0,5895.0,2102.0,2506.0,1511.0,6119.0,2242.0,1807.0,2469.0,6518.0,Up is Good
LIB01-K,Library Visits,New Earswick Library,Monthly,2018-03-31,24544.0,1824.0,2160.0,2109.0,6093.0,2199.0,1686.0,2245.0,6130.0,2461.0,2207.0,1565.0,6233.0,2256.0,1798.0,2034.0,6088.0,Up is Good
LIB01-K,Library Visits,New Earswick Library,Monthly,2019-03-31,17509.0,1891.0,1032.0,1234.0,4157.0,1417.0,1557.0,1849.0,4823.0,1445.0,1571.0,1011.0,4027.0,1540.0,1326.0,1636.0,4502.0,Up is Good
LIB01-K,Library Visits,New Earswick Library,Monthly,2020-03-31,18744.0,1649.0,1520.0,1475.0,4644.0,1931.0,1841.0,1438.0,5210.0,1750.0,1616.0,1310.0,4676.0,1655.0,1559.0,1000.0,4214.0,Up is Good
LIB01-K,Library Visits,New Earswick Library,Monthly,2021-03-31,1983.0,0.0,0.0,0.0,0.0,0.0,110.0,432.0,542.0,877.0,222.0,294.0,1393.0,48.0,0.0,0.0,48.0,Up is Good
LIB01-K,Library Visits,New Earswick Library,Monthly,2022-03-31,14006.0,476.0,846.0,1052.0,2374.0,1167.0,1114.0,1112.0,3393.0,1296.0,1375.0,1125.0,3796.0,1454.0,1316.0,1673.0,4443.0,Up is Good
LIB01-K,Library Visits,New Earswick Library,Monthly,2023-03-31,0.0,1553.0,1670.0,1704.0,4927.0,1656.0,2264.0,2167.0,6087.0,2309.0,2461.0,1719.0,6489.0,0.0,0.0,0.0,0.0,Up is Good
LIB01-L,Library Visits,Poppleton Library,Monthly,2012-03-31,27506.0,0.0,0.0,0.0,0.0,0.0,0.0,0.0,0.0,0.0,0.0,0.0,0.0,0.0,0.0,0.0,0.0,Up is Good
LIB01-L,Library Visits,Poppleton Library,Monthly,2013-03-31,22482.0,0.0,0.0,0.0,0.0,0.0,0.0,0.0,0.0,0.0,0.0,0.0,0.0,0.0,0.0,0.0,0.0,Up is Good
LIB01-L,Library Visits,Poppleton Library,Monthly,2014-03-31,23157.0,0.0,0.0,0.0,0.0,0.0,0.0,0.0,0.0,0.0,0.0,0.0,0.0,0.0,0.0,0.0,0.0,Up is Good
LIB01-L,Library Visits,Poppleton Library,Monthly,2015-03-31,23641.0,1617.0,1788.0,1981.0,5386.0,2241.0,2227.0,2215.0,6683.0,2265.0,1986.0,1542.0,5793.0,2229.0,1730.0,1820.0,5779.0,Up is Good
LIB01-L,Library Visits,Poppleton Library,Monthly,2016-03-31,20903.0,1704.0,1584.0,1669.0,4957.0,1826.0,1561.0,1650.0,5037.0,1794.0,1862.0,1543.0,5199.0,1952.0,1895.0,1863.0,5710.0,Up is Good
LIB01-L,Library Visits,Poppleton Library,Monthly,2017-03-31,21952.0,1839.0,1700.0,2016.0,5555.0,2139.0,2084.0,1994.0,6217.0,1781.0,1623.0,1315.0,4719.0,1881.0,1604.0,1976.0,5461.0,Up is Good
LIB01-L,Library Visits,Poppleton Library,Monthly,2018-03-31,23137.0,1585.0,1963.0,1937.0,5485.0,2148.0,1975.0,2027.0,6150.0,1912.0,1898.0,1684.0,5494.0,2196.0,1798.0,2014.0,6008.0,Up is Good
LIB01-L,Library Visits,Poppleton Library,Monthly,2019-03-31,22471.0,1975.0,1665.0,2033.0,5673.0,2029.0,1964.0,1736.0,5729.0,1938.0,1911.0,1271.0,5120.0,1900.0,1766.0,2283.0,5949.0,Up is Good
LIB01-L,Library Visits,Poppleton Library,Monthly,2020-03-31,21276.0,1865.0,1771.0,1800.0,5436.0,1970.0,1800.0,1844.0,5614.0,2106.0,1946.0,1195.0,5247.0,1982.0,1660.0,1337.0,4979.0,Up is Good
LIB01-L,Library Visits,Poppleton Library,Monthly,2021-03-31,2578.0,0.0,0.0,0.0,0.0,0.0,0.0,826.0,826.0,932.0,174.0,573.0,1679.0,73.0,0.0,0.0,73.0,Up is Good
LIB01-L,Library Visits,Poppleton Library,Monthly,2022-03-31,11002.0,479.0,714.0,803.0,1996.0,937.0,935.0,1152.0,3024.0,958.0,978.0,801.0,2737.0,1082.0,991.0,1172.0,3245.0,Up is Good
LIB01-L,Library Visits,Poppleton Library,Monthly,2023-03-31,0.0,1115.0,1093.0,1103.0,3311.0,1329.0,1564.0,1399.0,4292.0,1408.0,1381.0,1020.0,3809.0,0.0,0.0,0.0,0.0,Up is Good
LIB01-M,Library Visits,Rowntree Park Reading Cafe,Monthly,2012-03-31,0.0,0.0,0.0,0.0,0.0,0.0,0.0,0.0,0.0,0.0,0.0,0.0,0.0,0.0,0.0,0.0,0.0,Up is Good
LIB01-M,Library Visits,Rowntree Park Reading Cafe,Monthly,2013-03-31,48264.0,0.0,0.0,0.0,0.0,0.0,0.0,0.0,0.0,0.0,0.0,0.0,0.0,0.0,0.0,0.0,0.0,Up is Good
LIB01-M,Library Visits,Rowntree Park Reading Cafe,Monthly,2014-03-31,89478.0,0.0,0.0,0.0,0.0,0.0,0.0,0.0,0.0,0.0,0.0,0.0,0.0,0.0,0.0,0.0,0.0,Up is Good
LIB01-M,Library Visits,Rowntree Park Reading Cafe,Monthly,2015-03-31,81155.0,7235.0,5738.0,6051.0,19024.0,9766.0,10020.0,7173.0,26959.0,7694.0,6406.0,5938.0,20038.0,4882.0,3646.0,6606.0,15134.0,Up is Good
LIB01-M,Library Visits,Rowntree Park Reading Cafe,Monthly,2016-03-31,83516.0,9524.0,7582.0,7912.0,25018.0,9484.0,9398.0,8372.0,27254.0,8316.0,4044.0,2172.0,14532.0,2868.0,6092.0,7752.0,16712.0,Up is Good
LIB01-M,Library Visits,Rowntree Park Reading Cafe,Monthly,2017-03-31,90174.0,7856.0,9436.0,8162.0,25454.0,10018.0,11862.0,8970.0,30850.0,6190.0,4858.0,3860.0,14908.0,5710.0,5938.0,7314.0,18962.0,Up is Good
LIB01-M,Library Visits,Rowntree Park Reading Cafe,Monthly,2018-03-31,93253.0,8949.0,9616.0,8652.0,27217.0,9068.0,10871.0,10869.0,30808.0,7366.0,5744.0,4214.0,17324.0,4586.0,5676.0,7642.0,17904.0,Up is Good
LIB01-M,Library Visits,Rowntree Park Reading Cafe,Monthly,2019-03-31,101265.0,6916.0,9802.0,8488.0,25206.0,11585.0,11365.0,9575.0,32525.0,9420.0,6933.0,4130.0,20483.0,6833.0,8363.0,7855.0,23051.0,Up is Good
LIB01-M,Library Visits,Rowntree Park Reading Cafe,Monthly,2020-03-31,89788.0,8416.0,8480.0,7748.0,24644.0,11005.0,11370.0,9418.0,31793.0,6133.0,6410.0,5435.0,17978.0,7905.0,4825.0,2643.0,15373.0,Up is Good
LIB01-M,Library Visits,Rowntree Park Reading Cafe,Monthly,2021-03-31,62172.0,0.0,0.0,0.0,0.0,7705.0,11043.0,9978.0,28726.0,9293.0,4345.0,5785.0,19423.0,2888.0,2130.0,9005.0,14023.0,Up is Good
LIB01-M,Library Visits,Rowntree Park Reading Cafe,Monthly,2022-03-31,93408.0,9112.0,7936.0,8670.0,25718.0,9330.0,10354.0,9264.0,28948.0,8140.0,7064.0,5156.0,20360.0,7810.0,5066.0,5506.0,18382.0,Up is Good
LIB01-M,Library Visits,Rowntree Park Reading Cafe,Monthly,2023-03-31,0.0,9888.0,9324.0,9478.0,28690.0,8792.0,10868.0,7876.0,27536.0,8232.0,5114.0,4772.0,18118.0,0.0,0.0,0.0,0.0,Up is Good
LIB01-N,Library Visits,Strensall Library,Monthly,2012-03-31,21533.0,0.0,0.0,0.0,0.0,0.0,0.0,0.0,0.0,0.0,0.0,0.0,0.0,0.0,0.0,0.0,0.0,Up is Good
LIB01-N,Library Visits,Strensall Library,Monthly,2013-03-31,20163.0,0.0,0.0,0.0,0.0,0.0,0.0,0.0,0.0,0.0,0.0,0.0,0.0,0.0,0.0,0.0,0.0,Up is Good
LIB01-N,Library Visits,Strensall Library,Monthly,2014-03-31,20903.0,0.0,0.0,0.0,0.0,0.0,0.0,0.0,0.0,0.0,0.0,0.0,0.0,0.0,0.0,0.0,0.0,Up is Good
LIB01-N,Library Visits,Strensall Library,Monthly,2015-03-31,20107.0,1552.0,1505.0,1771.0,4828.0,2387.0,1832.0,1799.0,6018.0,1578.0,1754.0,1212.0,4544.0,1641.0,1489.0,1587.0,4717.0,Up is Good
LIB01-N,Library Visits,Strensall Library,Monthly,2016-03-31,17120.0,1333.0,1382.0,1617.0,4332.0,1884.0,1703.0,1681.0,5268.0,1352.0,1367.0,1081.0,3800.0,1388.0,1110.0,1222.0,3720.0,Up is Good
LIB01-N,Library Visits,Strensall Library,Monthly,2017-03-31,13957.0,1190.0,1339.0,963.0,3492.0,1091.0,1393.0,1331.0,3815.0,1249.0,1152.0,794.0,3195.0,1279.0,994.0,1182.0,3455.0,Up is Good
LIB01-N,Library Visits,Strensall Library,Monthly,2018-03-31,13129.0,950.0,917.0,1093.0,2960.0,1103.0,1336.0,1204.0,3643.0,1120.0,1183.0,753.0,3056.0,1217.0,1158.0,1095.0,3470.0,Up is Good
LIB01-N,Library Visits,Strensall Library,Monthly,2019-03-31,12111.0,1255.0,878.0,956.0,3089.0,1183.0,1207.0,1001.0,3391.0,1228.0,1065.0,555.0,2848.0,1090.0,886.0,807.0,2783.0,Up is Good
LIB01-N,Library Visits,Strensall Library,Monthly,2020-03-31,14955.0,914.0,1094.0,1026.0,3034.0,1392.0,1524.0,1409.0,4325.0,1452.0,1259.0,965.0,3676.0,1672.0,1394.0,854.0,3920.0,Up is Good
LIB01-N,Library Visits,Strensall Library,Monthly,2021-03-31,2318.0,0.0,0.0,0.0,0.0,0.0,0.0,741.0,741.0,893.0,116.0,525.0,1534.0,43.0,0.0,0.0,43.0,Up is Good
LIB01-N,Library Visits,Strensall Library,Monthly,2022-03-31,11085.0,558.0,791.0,852.0,2201.0,920.0,1141.0,1034.0,3095.0,1009.0,1014.0,702.0,2725.0,961.0,1015.0,1088.0,3064.0,Up is Good
LIB01-N,Library Visits,Strensall Library,Monthly,2023-03-31,0.0,980.0,1038.0,1012.0,3030.0,1104.0,1183.0,1131.0,3418.0,1182.0,1052.0,936.0,3170.0,0.0,0.0,0.0,0.0,Up is Good
LIB01-O,Library Visits,Sycamore House Reading Cafe,Monthly,2012-03-31,0.0,0.0,0.0,0.0,0.0,0.0,0.0,0.0,0.0,0.0,0.0,0.0,0.0,0.0,0.0,0.0,0.0,Up is Good
LIB01-O,Library Visits,Sycamore House Reading Cafe,Monthly,2013-03-31,0.0,0.0,0.0,0.0,0.0,0.0,0.0,0.0,0.0,0.0,0.0,0.0,0.0,0.0,0.0,0.0,0.0,Up is Good
LIB01-O,Library Visits,Sycamore House Reading Cafe,Monthly,2014-03-31,300.0,0.0,0.0,0.0,0.0,0.0,0.0,0.0,0.0,0.0,0.0,0.0,0.0,0.0,0.0,0.0,0.0,Up is Good
LIB01-O,Library Visits,Sycamore House Reading Cafe,Monthly,2015-03-31,2597.0,23.0,20.0,323.0,366.0,373.0,353.0,401.0,1127.0,331.0,263.0,206.0,800.0,142.0,65.0,97.0,304.0,Up is Good
LIB01-O,Library Visits,Sycamore House Reading Cafe,Monthly,2016-03-31,718.0,86.0,61.0,66.0,213.0,97.0,47.0,54.0,198.0,56.0,59.0,46.0,161.0,31.0,49.0,66.0,146.0,Up is Good
LIB01-O,Library Visits,Sycamore House Reading Cafe,Monthly,2017-03-31,624.0,72.0,57.0,62.0,191.0,52.0,72.0,53.0,177.0,56.0,53.0,24.0,133.0,49.0,43.0,31.0,123.0,Up is Good
LIB01-O,Library Visits,Sycamore House Reading Cafe,Monthly,2018-03-31,255.0,24.0,9.0,0.0,33.0,5.0,32.0,38.0,75.0,27.0,31.0,14.0,72.0,41.0,18.0,16.0,75.0,Up is Good
LIB01-O,Library Visits,Sycamore House Reading Cafe,Monthly,2019-03-31,-1.0,15.0,23.0,7.0,45.0,8.0,0.0,0.0,8.0,-1.0,-1.0,-1.0,-1.0,-1.0,-1.0,-1.0,-1.0,Up is Good
LIB01-P,Library Visits,Burnholme/Tang Hall Explore,Monthly,2012-03-31,55832.0,0.0,0.0,0.0,0.0,0.0,0.0,0.0,0.0,0.0,0.0,0.0,0.0,0.0,0.0,0.0,0.0,Up is Good
LIB01-P,Library Visits,Burnholme/Tang Hall Explore,Monthly,2013-03-31,54049.0,0.0,0.0,0.0,0.0,0.0,0.0,0.0,0.0,0.0,0.0,0.0,0.0,0.0,0.0,0.0,0.0,Up is Good
LIB01-P,Library Visits,Burnholme/Tang Hall Explore,Monthly,2014-03-31,56083.0,0.0,0.0,0.0,0.0,0.0,0.0,0.0,0.0,0.0,0.0,0.0,0.0,0.0,0.0,0.0,0.0,Up is Good
LIB01-P,Library Visits,Burnholme/Tang Hall Explore,Monthly,2015-03-31,62651.0,4459.0,4462.0,5277.0,14198.0,6155.0,6473.0,5978.0,18606.0,6135.0,5243.0,4044.0,15422.0,5088.0,4552.0,4785.0,14425.0,Up is Good
LIB01-P,Library Visits,Burnholme/Tang Hall Explore,Monthly,2016-03-31,55909.0,4172.0,4319.0,4579.0,13070.0,5646.0,5170.0,4873.0,15689.0,5065.0,4879.0,3507.0,13451.0,4578.0,4537.0,4584.0,13699.0,Up is Good
LIB01-P,Library Visits,Burnholme/Tang Hall Explore,Monthly,2017-03-31,57463.0,4902.0,4129.0,5281.0,14312.0,5489.0,5552.0,5091.0,16132.0,4938.0,4290.0,4197.0,13425.0,4361.0,4343.0,4890.0,13594.0,Up is Good
LIB01-P,Library Visits,Burnholme/Tang Hall Explore,Monthly,2018-03-31,55352.0,4058.0,4821.0,4563.0,13442.0,5332.0,5454.0,4867.0,15653.0,5159.0,4375.0,3598.0,13132.0,4568.0,3932.0,4625.0,13125.0,Up is Good
LIB01-P,Library Visits,Burnholme/Tang Hall Explore,Monthly,2019-03-31,119008.0,4446.0,3894.0,4385.0,12725.0,11093.0,10244.0,11196.0,32533.0,12966.0,13294.0,9890.0,36150.0,12368.0,11763.0,13469.0,37600.0,Up is Good
LIB01-P,Library Visits,Burnholme/Tang Hall Explore,Monthly,2020-03-31,153294.0,10513.0,13282.0,12496.0,36291.0,13576.0,11652.0,13558.0,38786.0,14579.0,14532.0,12063.0,41174.0,15009.0,13209.0,8825.0,37043.0,Up is Good
LIB01-P,Library Visits,Burnholme/Tang Hall Explore,Monthly,2021-03-31,15162.0,0.0,0.0,0.0,0.0,1320.0,1475.0,2634.0,5429.0,3394.0,1259.0,2146.0,6799.0,1044.0,844.0,1046.0,2934.0,Up is Good
LIB01-P,Library Visits,Burnholme/Tang Hall Explore,Monthly,2022-03-31,83347.0,2444.0,3454.0,5174.0,11072.0,4888.0,5966.0,7438.0,18292.0,8757.0,9633.0,6948.0,25338.0,9018.0,9405.0,10222.0,28645.0,Up is Good
LIB01-P,Library Visits,Burnholme/Tang Hall Explore,Monthly,2023-03-31,0.0,7734.0,10195.0,10227.0,28156.0,9267.0,8622.0,10104.0,27993.0,11820.0,11739.0,9249.0,32808.0,0.0,0.0,0.0,0.0,Up is Good
LIB01-Q,Library Visits,York Explore,Monthly,2012-03-31,518511.0,0.0,0.0,0.0,0.0,0.0,0.0,0.0,0.0,0.0,0.0,0.0,0.0,0.0,0.0,0.0,0.0,Up is Good
LIB01-Q,Library Visits,York Explore,Monthly,2013-03-31,515875.0,0.0,0.0,0.0,0.0,0.0,0.0,0.0,0.0,0.0,0.0,0.0,0.0,0.0,0.0,0.0,0.0,Up is Good
LIB01-Q,Library Visits,York Explore,Monthly,2014-03-31,483573.0,0.0,0.0,0.0,0.0,0.0,0.0,0.0,0.0,0.0,0.0,0.0,0.0,0.0,0.0,0.0,0.0,Up is Good
LIB01-Q,Library Visits,York Explore,Monthly,2015-03-31,194963.0,35664.0,36252.0,0.0,71916.0,0.0,0.0,0.0,0.0,0.0,0.0,0.0,0.0,39963.0,39939.0,43145.0,123047.0,Up is Good
LIB01-Q,Library Visits,York Explore,Monthly,2016-03-31,455837.0,37973.0,37353.0,37627.0,112953.0,42530.0,42003.0,39279.0,123812.0,40212.0,35968.0,28785.0,104965.0,39249.0,39224.0,35634.0,114107.0,Up is Good
LIB01-Q,Library Visits,York Explore,Monthly,2017-03-31,437009.0,39885.0,34298.0,37905.0,112088.0,37370.0,43645.0,34093.0,115108.0,36612.0,34160.0,29914.0,100686.0,35898.0,34340.0,38889.0,109127.0,Up is Good
LIB01-Q,Library Visits,York Explore,Monthly,2018-03-31,426440.0,33625.0,35714.0,36574.0,105913.0,38066.0,40772.0,35790.0,114628.0,37307.0,35458.0,29247.0,102012.0,35614.0,32716.0,35557.0,103887.0,Up is Good
LIB01-Q,Library Visits,York Explore,Monthly,2019-03-31,409646.0,35189.0,32967.0,34722.0,102878.0,40951.0,36213.0,33310.0,110474.0,35276.0,32475.0,26639.0,94390.0,35867.0,32732.0,33305.0,101904.0,Up is Good
LIB01-Q,Library Visits,York Explore,Monthly,2020-03-31,374576.0,31269.0,33186.0,34703.0,99158.0,34422.0,37806.0,32460.0,104688.0,34851.0,29893.0,25346.0,90090.0,32193.0,30606.0,17841.0,80640.0,Up is Good
LIB01-Q,Library Visits,York Explore,Monthly,2021-03-31,39254.0,0.0,0.0,0.0,0.0,3200.0,3657.0,7168.0,14025.0,9225.0,3294.0,5188.0,17707.0,2385.0,2276.0,2861.0,7522.0,Up is Good
LIB01-Q,Library Visits,York Explore,Monthly,2022-03-31,180564.0,5701.0,7490.0,9149.0,22340.0,11400.0,17831.0,16841.0,46072.0,18645.0,18890.0,14046.0,51581.0,17437.0,18911.0,24223.0,60571.0,Up is Good
LIB01-Q,Library Visits,York Explore,Monthly,2023-03-31,0.0,20460.0,22722.0,21505.0,64687.0,23790.0,26425.0,23746.0,73961.0,26976.0,25494.0,19955.0,72425.0,0.0,0.0,0.0,0.0,Up is Good
LIB01-S,Library Visits,Homestead Park,Monthly,2017-03-31,54488.0,0.0,1030.0,7224.0,8254.0,11971.0,18417.0,8242.0,38630.0,4564.0,1103.0,729.0,6396.0,500.0,468.0,240.0,1208.0,Up is Good
LIB01-S,Library Visits,Homestead Park,Monthly,2018-03-31,42693.0,3552.0,7185.0,6714.0,17451.0,8260.0,10129.0,3422.0,21811.0,1782.0,827.0,0.0,2609.0,0.0,0.0,822.0,822.0,Up is Good
LIB01-S,Library Visits,Homestead Park,Monthly,2019-03-31,32875.0,1454.0,4248.0,5268.0,10970.0,9300.0,9883.0,2147.0,21330.0,485.0,90.0,0.0,575.0,0.0,0.0,0.0,0.0,Up is Good
LIB01-S,Library Visits,Homestead Park,Monthly,2020-03-31,31418.0,4378.0,4518.0,3576.0,12472.0,7198.0,8775.0,2790.0,18763.0,183.0,0.0,0.0,183.0,0.0,0.0,0.0,0.0,Up is Good
LIB01-S,Library Visits,Homestead Park,Monthly,2021-03-31,13753.0,0.0,0.0,0.0,0.0,6150.0,6280.0,1323.0,13753.0,0.0,0.0,0.0,0.0,0.0,0.0,0.0,0.0,Up is Good
LIB01-S,Library Visits,Homestead Park,Monthly,2022-03-31,18596.0,52.0,3428.0,4770.0,8250.0,3804.0,5000.0,1542.0,10346.0,0.0,0.0,0.0,0.0,0.0,0.0,0.0,0.0,Up is Good
LIB01-S,Library Visits,Homestead Park,Monthly,2023-03-31,0.0,3988.0,2652.0,3324.0,9964.0,3722.0,7108.0,1352.0,12182.0,0.0,0.0,0.0,0.0,0.0,0.0,0.0,0.0,Up is Good
LIB02,Books Borrowed,All Libraries,Monthly,2015-03-31,778615.0,73746.0,75121.0,58717.0,207584.0,67812.0,68830.0,61544.0,198186.0,60823.0,55451.0,44485.0,160759.0,73770.0,66349.0,71967.0,212086.0,Up is Good
LIB02,Books Borrowed,All Libraries,Monthly,2016-03-31,819179.0,65248.0,68960.0,65624.0,199832.0,77734.0,74421.0,69316.0,221471.0,71752.0,65424.0,56419.0,193595.0,66777.0,67961.0,69543.0,204281.0,Up is Good
LIB02,Books Borrowed,All Libraries,Monthly,2017-03-31,800300.0,70520.0,65923.0,65844.0,202287.0,71665.0,75737.0,66381.0,213783.0,66940.0,62730.0,55465.0,185135.0,68331.0,61815.0,68949.0,199095.0,Up is Good
LIB02,Books Borrowed,All Libraries,Monthly,2018-03-31,788861.0,63486.0,65397.0,63473.0,192356.0,71603.0,75689.0,67248.0,214540.0,69229.0,62433.0,54174.0,185836.0,67048.0,60639.0,68442.0,196129.0,Up is Good
LIB02,Books Borrowed,All Libraries,Monthly,2019-03-31,762434.0,65549.0,62012.0,60745.0,188306.0,69611.0,74311.0,64244.0,208166.0,66830.0,63554.0,48996.0,179380.0,67402.0,56939.0,62241.0,186582.0,Up is Good
LIB02,Books Borrowed,All Libraries,Monthly,2020-03-31,736616.0,62433.0,61311.0,58492.0,182236.0,68057.0,72578.0,61606.0,202241.0,65080.0,61065.0,50693.0,176838.0,64565.0,61446.0,49290.0,175301.0,Up is Good
LIB02,Books Borrowed,All Libraries,Monthly,2021-03-31,497380.0,23358.0,30053.0,25641.0,79052.0,29153.0,34455.0,57060.0,120668.0,75082.0,46637.0,46345.0,168064.0,45874.0,40534.0,43188.0,129596.0,Up is Good
LIB02,Books Borrowed,All Libraries,Monthly,2022-03-31,942896.0,61737.0,75250.0,73556.0,210543.0,80959.0,86059.0,80158.0,247176.0,84931.0,81846.0,69947.0,236724.0,84623.0,77470.0,86360.0,248453.0,Up is Good
LIB02,Books Borrowed,All Libraries,Monthly,2023-03-31,0.0,83411.0,86865.0,80312.0,250588.0,93228.0,96978.0,87208.0,277414.0,93843.0,87472.0,76508.0,257823.0,0.0,0.0,0.0,0.0,Up is Good
LIB02-A,Books Borrowed,Acomb Explore,Monthly,2015-03-31,135082.0,9566.0,10401.0,11169.0,31136.0,14831.0,14708.0,12672.0,42211.0,12510.0,11704.0,8511.0,32725.0,10478.0,8812.0,9720.0,29010.0,Up is Good
LIB02-A,Books Borrowed,Acomb Explore,Monthly,2016-03-31,106081.0,8604.0,8990.0,8260.0,25854.0,11062.0,10041.0,8677.0,29780.0,9595.0,8418.0,6949.0,24962.0,8248.0,9031.0,8206.0,25485.0,Up is Good
LIB02-A,Books Borrowed,Acomb Explore,Monthly,2017-03-31,101417.0,9062.0,8254.0,8255.0,25571.0,9688.0,10033.0,8991.0,28712.0,7816.0,7797.0,6998.0,22611.0,8414.0,7580.0,8529.0,24523.0,Up is Good
LIB02-A,Books Borrowed,Acomb Explore,Monthly,2018-03-31,96494.0,7787.0,8022.0,7593.0,23402.0,9484.0,10167.0,8375.0,28026.0,7945.0,7599.0,6329.0,21873.0,7623.0,7078.0,8492.0,23193.0,Up is Good
LIB02-A,Books Borrowed,Acomb Explore,Monthly,2019-03-31,93294.0,8191.0,7618.0,7350.0,23159.0,8723.0,9359.0,7690.0,25772.0,7883.0,7766.0,6275.0,21924.0,7705.0,7050.0,7684.0,22439.0,Up is Good
LIB02-A,Books Borrowed,Acomb Explore,Monthly,2020-03-31,92134.0,7549.0,7320.0,7042.0,21911.0,9133.0,9609.0,7775.0,26517.0,8151.0,7334.0,6397.0,21882.0,8074.0,7744.0,6006.0,21824.0,Up is Good
LIB02-A,Books Borrowed,Acomb Explore,Monthly,2021-03-31,21481.0,0.0,67.0,0.0,67.0,1398.0,1289.0,3557.0,6244.0,5895.0,2056.0,2231.0,10182.0,1805.0,1631.0,1552.0,4988.0,Up is Good
LIB02-A,Books Borrowed,Acomb Explore,Monthly,2022-03-31,78578.0,3511.0,5323.0,5457.0,14291.0,7178.0,7758.0,7247.0,22183.0,7590.0,7318.0,5754.0,20662.0,7304.0,6696.0,7442.0,21442.0,Up is Good
LIB02-A,Books Borrowed,Acomb Explore,Monthly,2023-03-31,0.0,7466.0,7661.0,6890.0,22017.0,9725.0,10098.0,8034.0,27857.0,8313.0,7491.0,6486.0,22290.0,0.0,0.0,0.0,0.0,Up is Good
LIB02-B,Books Borrowed,Bishopthorpe Library,Monthly,2015-03-31,28166.0,2305.0,2407.0,2336.0,7048.0,2804.0,2650.0,2402.0,7856.0,2536.0,2363.0,1794.0,6693.0,2418.0,1948.0,2203.0,6569.0,Up is Good
LIB02-B,Books Borrowed,Bishopthorpe Library,Monthly,2016-03-31,27326.0,1975.0,2267.0,2200.0,6442.0,2616.0,2740.0,2339.0,7695.0,2326.0,2117.0,1828.0,6271.0,2240.0,2406.0,2272.0,6918.0,Up is Good
LIB02-B,Books Borrowed,Bishopthorpe Library,Monthly,2017-03-31,27025.0,2235.0,2010.0,2066.0,6311.0,2426.0,2405.0,2309.0,7140.0,2300.0,2119.0,1911.0,6330.0,2513.0,2088.0,2643.0,7244.0,Up is Good
LIB02-B,Books Borrowed,Bishopthorpe Library,Monthly,2018-03-31,28025.0,2255.0,2346.0,2349.0,6950.0,2558.0,2505.0,2204.0,7267.0,2581.0,2433.0,1907.0,6921.0,2437.0,2115.0,2335.0,6887.0,Up is Good
LIB02-B,Books Borrowed,Bishopthorpe Library,Monthly,2019-03-31,24971.0,2155.0,2049.0,2102.0,6306.0,2140.0,2396.0,2158.0,6694.0,2227.0,1920.0,1488.0,5635.0,2300.0,1891.0,2145.0,6336.0,Up is Good
LIB02-B,Books Borrowed,Bishopthorpe Library,Monthly,2020-03-31,25392.0,2228.0,2179.0,2010.0,6417.0,2441.0,2598.0,2402.0,7441.0,2124.0,2141.0,1567.0,5832.0,2034.0,2007.0,1661.0,5702.0,Up is Good
LIB02-B,Books Borrowed,Bishopthorpe Library,Monthly,2021-03-31,4812.0,0.0,0.0,0.0,0.0,0.0,9.0,1187.0,1196.0,2009.0,500.0,895.0,3404.0,189.0,16.0,7.0,212.0,Up is Good
LIB02-B,Books Borrowed,Bishopthorpe Library,Monthly,2022-03-31,22926.0,1225.0,1951.0,1872.0,5048.0,2126.0,2262.0,2198.0,6586.0,1757.0,1826.0,1493.0,5076.0,2182.0,1906.0,2128.0,6216.0,Up is Good
LIB02-B,Books Borrowed,Bishopthorpe Library,Monthly,2023-03-31,0.0,1816.0,2121.0,2000.0,5937.0,2274.0,2138.0,2191.0,6603.0,2095.0,2116.0,1486.0,5697.0,0.0,0.0,0.0,0.0,Up is Good
LIB02-C,Books Borrowed,Clifton Explore,Monthly,2015-03-31,29383.0,2073.0,2408.0,2239.0,6720.0,2718.0,2857.0,2638.0,8213.0,2597.0,2584.0,2010.0,7191.0,2597.0,2049.0,2613.0,7259.0,Up is Good
LIB02-C,Books Borrowed,Clifton Explore,Monthly,2016-03-31,43285.0,3355.0,3628.0,3391.0,10374.0,4174.0,4145.0,3778.0,12097.0,3702.0,3335.0,3098.0,10135.0,3224.0,3769.0,3686.0,10679.0,Up is Good
LIB02-C,Books Borrowed,Clifton Explore,Monthly,2017-03-31,42770.0,3736.0,3618.0,3357.0,10711.0,3588.0,4200.0,3148.0,10936.0,3359.0,3553.0,2928.0,9840.0,3933.0,3450.0,3900.0,11283.0,Up is Good
LIB02-C,Books Borrowed,Clifton Explore,Monthly,2018-03-31,45407.0,3998.0,3645.0,3498.0,11141.0,4059.0,4567.0,3618.0,12244.0,4146.0,3521.0,2860.0,10527.0,4034.0,3411.0,4050.0,11495.0,Up is Good
LIB02-C,Books Borrowed,Clifton Explore,Monthly,2019-03-31,44838.0,4011.0,3730.0,3470.0,11211.0,4083.0,4591.0,3658.0,12332.0,4057.0,3923.0,2641.0,10621.0,3970.0,3207.0,3497.0,10674.0,Up is Good
LIB02-C,Books Borrowed,Clifton Explore,Monthly,2020-03-31,41943.0,3611.0,3451.0,3408.0,10470.0,3822.0,4155.0,3293.0,11270.0,3971.0,3392.0,2598.0,9961.0,3961.0,3444.0,2837.0,10242.0,Up is Good
LIB02-C,Books Borrowed,Clifton Explore,Monthly,2021-03-31,9860.0,0.0,83.0,0.0,83.0,1102.0,1002.0,2027.0,4131.0,3107.0,992.0,1202.0,5301.0,298.0,29.0,18.0,345.0,Up is Good
LIB02-C,Books Borrowed,Clifton Explore,Monthly,2022-03-31,37398.0,1947.0,2849.0,3040.0,7836.0,3252.0,3408.0,3478.0,10138.0,3281.0,3490.0,2739.0,9510.0,3229.0,3064.0,3621.0,9914.0,Up is Good
LIB02-C,Books Borrowed,Clifton Explore,Monthly,2023-03-31,0.0,3166.0,3365.0,3121.0,9652.0,3629.0,3972.0,3585.0,11186.0,3633.0,3534.0,2888.0,10055.0,0.0,0.0,0.0,0.0,Up is Good
LIB02-D,Books Borrowed,Copmanthorpe Library,Monthly,2015-03-31,45955.0,3147.0,3343.0,4200.0,10690.0,4714.0,4971.0,4136.0,13821.0,4450.0,3768.0,3033.0,11251.0,3594.0,3214.0,3385.0,10193.0,Up is Good
LIB02-D,Books Borrowed,Copmanthorpe Library,Monthly,2016-03-31,27407.0,2065.0,2425.0,2190.0,6680.0,2832.0,2572.0,2249.0,7653.0,2519.0,2331.0,1719.0,6569.0,2046.0,2246.0,2213.0,6505.0,Up is Good
LIB02-D,Books Borrowed,Copmanthorpe Library,Monthly,2017-03-31,26658.0,2322.0,2175.0,2139.0,6636.0,2484.0,2457.0,2239.0,7180.0,2309.0,2067.0,1839.0,6215.0,2241.0,2042.0,2344.0,6627.0,Up is Good
LIB02-D,Books Borrowed,Copmanthorpe Library,Monthly,2018-03-31,24683.0,1910.0,2108.0,2325.0,6343.0,2516.0,2414.0,2212.0,7142.0,2075.0,1924.0,1532.0,5531.0,1922.0,1629.0,2116.0,5667.0,Up is Good
LIB02-D,Books Borrowed,Copmanthorpe Library,Monthly,2019-03-31,21269.0,1598.0,1697.0,1988.0,5283.0,2181.0,1999.0,1980.0,6160.0,1673.0,1958.0,1212.0,4843.0,1866.0,1460.0,1657.0,4983.0,Up is Good
LIB02-D,Books Borrowed,Copmanthorpe Library,Monthly,2020-03-31,20231.0,1742.0,1578.0,1612.0,4932.0,1851.0,2066.0,1639.0,5556.0,1824.0,1756.0,1339.0,4919.0,1657.0,1692.0,1475.0,4824.0,Up is Good
LIB02-D,Books Borrowed,Copmanthorpe Library,Monthly,2021-03-31,3726.0,0.0,0.0,0.0,0.0,0.0,1.0,938.0,939.0,1420.0,444.0,752.0,2616.0,168.0,0.0,3.0,171.0,Up is Good
LIB02-D,Books Borrowed,Copmanthorpe Library,Monthly,2022-03-31,18334.0,844.0,1459.0,1533.0,3836.0,1791.0,1877.0,1758.0,5426.0,1611.0,1531.0,1136.0,4278.0,1741.0,1307.0,1746.0,4794.0,Up is Good
LIB02-D,Books Borrowed,Copmanthorpe Library,Monthly,2023-03-31,0.0,1491.0,1819.0,1433.0,4743.0,1870.0,1948.0,1535.0,5353.0,1699.0,1535.0,1192.0,4426.0,0.0,0.0,0.0,0.0,Up is Good
LIB02-E,Books Borrowed,Dringhouses Library,Monthly,2015-03-31,31774.0,2138.0,2451.0,2418.0,7007.0,3182.0,3400.0,3111.0,9693.0,2763.0,2520.0,2138.0,7421.0,2755.0,2396.0,2502.0,7653.0,Up is Good
LIB02-E,Books Borrowed,Dringhouses Library,Monthly,2016-03-31,29018.0,2231.0,2328.0,2501.0,7060.0,2807.0,2753.0,2366.0,7926.0,2834.0,2199.0,2110.0,7143.0,2343.0,2270.0,2276.0,6889.0,Up is Good
LIB02-E,Books Borrowed,Dringhouses Library,Monthly,2017-03-31,28105.0,2351.0,2463.0,2275.0,7089.0,2475.0,2844.0,2670.0,7989.0,2566.0,2067.0,1882.0,6515.0,2259.0,1904.0,2349.0,6512.0,Up is Good
LIB02-E,Books Borrowed,Dringhouses Library,Monthly,2018-03-31,27476.0,2015.0,2170.0,2487.0,6672.0,2556.0,2997.0,2548.0,8101.0,2459.0,2165.0,1770.0,6394.0,2191.0,1969.0,2149.0,6309.0,Up is Good
LIB02-E,Books Borrowed,Dringhouses Library,Monthly,2019-03-31,25506.0,2366.0,2141.0,1924.0,6431.0,2557.0,2590.0,2179.0,7326.0,2091.0,2053.0,1522.0,5666.0,2238.0,1886.0,1959.0,6083.0,Up is Good
LIB02-E,Books Borrowed,Dringhouses Library,Monthly,2020-03-31,24028.0,2050.0,1986.0,1823.0,5859.0,2229.0,2653.0,1892.0,6774.0,2050.0,2065.0,1511.0,5626.0,2171.0,1857.0,1741.0,5769.0,Up is Good
LIB02-E,Books Borrowed,Dringhouses Library,Monthly,2021-03-31,3676.0,0.0,0.0,0.0,0.0,0.0,2.0,835.0,837.0,1586.0,431.0,620.0,2637.0,197.0,0.0,5.0,202.0,Up is Good
LIB02-E,Books Borrowed,Dringhouses Library,Monthly,2022-03-31,20396.0,974.0,1557.0,1643.0,4174.0,1679.0,2131.0,1804.0,5614.0,1796.0,1827.0,1275.0,4898.0,1966.0,1617.0,2127.0,5710.0,Up is Good
LIB02-E,Books Borrowed,Dringhouses Library,Monthly,2023-03-31,0.0,1718.0,1879.0,1905.0,5502.0,2004.0,2289.0,2126.0,6419.0,2169.0,1758.0,1404.0,5331.0,0.0,0.0,0.0,0.0,Up is Good
LIB02-F,Books Borrowed,Dunnington Library,Monthly,2015-03-31,17565.0,1397.0,1457.0,1400.0,4254.0,1717.0,1651.0,1505.0,4873.0,1467.0,1394.0,1004.0,3865.0,1423.0,1316.0,1834.0,4573.0,Up is Good
LIB02-F,Books Borrowed,Dunnington Library,Monthly,2016-03-31,21393.0,1778.0,1688.0,1565.0,5031.0,1989.0,1848.0,1813.0,5650.0,1946.0,1847.0,1576.0,5369.0,1752.0,1636.0,1955.0,5343.0,Up is Good
LIB02-F,Books Borrowed,Dunnington Library,Monthly,2017-03-31,21979.0,1787.0,1636.0,1735.0,5158.0,1914.0,1961.0,1734.0,5609.0,1726.0,1790.0,1496.0,5012.0,2180.0,1967.0,2053.0,6200.0,Up is Good
LIB02-F,Books Borrowed,Dunnington Library,Monthly,2018-03-31,21070.0,1807.0,1810.0,1567.0,5184.0,2073.0,1864.0,1697.0,5634.0,1754.0,1659.0,1455.0,4868.0,1885.0,1562.0,1937.0,5384.0,Up is Good
LIB02-F,Books Borrowed,Dunnington Library,Monthly,2019-03-31,17256.0,1655.0,1595.0,1521.0,4771.0,1610.0,1802.0,1289.0,4701.0,1252.0,1435.0,988.0,3675.0,1451.0,1237.0,1421.0,4109.0,Up is Good
LIB02-F,Books Borrowed,Dunnington Library,Monthly,2020-03-31,16626.0,1542.0,1423.0,1431.0,4396.0,1515.0,1861.0,1397.0,4773.0,1410.0,1407.0,1037.0,3854.0,1177.0,1485.0,941.0,3603.0,Up is Good
LIB02-F,Books Borrowed,Dunnington Library,Monthly,2021-03-31,2342.0,0.0,0.0,0.0,0.0,0.0,0.0,579.0,579.0,915.0,237.0,509.0,1661.0,100.0,0.0,2.0,102.0,Up is Good
LIB02-F,Books Borrowed,Dunnington Library,Monthly,2022-03-31,12460.0,552.0,922.0,999.0,2473.0,1197.0,1322.0,1053.0,3572.0,1131.0,1036.0,814.0,2981.0,1202.0,1136.0,1096.0,3434.0,Up is Good
LIB02-F,Books Borrowed,Dunnington Library,Monthly,2023-03-31,0.0,1097.0,1077.0,1060.0,3234.0,1009.0,1270.0,1052.0,3331.0,1248.0,1076.0,926.0,3250.0,0.0,0.0,0.0,0.0,Up is Good
LIB02-G,Books Borrowed,Fulford Library,Monthly,2015-03-31,24675.0,1696.0,1770.0,1994.0,5460.0,2416.0,2263.0,2099.0,6778.0,2174.0,2157.0,1533.0,5864.0,2313.0,2212.0,2048.0,6573.0,Up is Good
LIB02-G,Books Borrowed,Fulford Library,Monthly,2016-03-31,22059.0,1719.0,1859.0,1838.0,5416.0,1818.0,1564.0,2004.0,5386.0,2146.0,2029.0,1571.0,5746.0,1885.0,1859.0,1767.0,5511.0,Up is Good
LIB02-G,Books Borrowed,Fulford Library,Monthly,2017-03-31,23332.0,1834.0,1684.0,1845.0,5363.0,1852.0,1691.0,2033.0,5576.0,2044.0,2402.0,1674.0,6120.0,2297.0,1792.0,2184.0,6273.0,Up is Good
LIB02-G,Books Borrowed,Fulford Library,Monthly,2018-03-31,22770.0,1766.0,1863.0,2168.0,5797.0,1866.0,1761.0,1864.0,5491.0,1990.0,1834.0,1538.0,5362.0,1928.0,1967.0,2225.0,6120.0,Up is Good
LIB02-G,Books Borrowed,Fulford Library,Monthly,2019-03-31,23890.0,2038.0,1905.0,2030.0,5973.0,2139.0,1923.0,1994.0,6056.0,2304.0,2439.0,1535.0,6278.0,2020.0,1824.0,1739.0,5583.0,Up is Good
LIB02-G,Books Borrowed,Fulford Library,Monthly,2020-03-31,23114.0,1727.0,1768.0,1757.0,5252.0,1727.0,1736.0,2197.0,5660.0,2279.0,2313.0,1659.0,6251.0,2376.0,1947.0,1628.0,5951.0,Up is Good
LIB02-G,Books Borrowed,Fulford Library,Monthly,2021-03-31,2862.0,0.0,0.0,0.0,0.0,0.0,0.0,696.0,696.0,1385.0,166.0,473.0,2024.0,131.0,0.0,11.0,142.0,Up is Good
LIB02-G,Books Borrowed,Fulford Library,Monthly,2022-03-31,18735.0,775.0,1200.0,1401.0,3376.0,1529.0,1340.0,1346.0,4215.0,1780.0,1942.0,1326.0,5048.0,2260.0,1763.0,2073.0,6096.0,Up is Good
LIB02-G,Books Borrowed,Fulford Library,Monthly,2023-03-31,0.0,1894.0,1978.0,1811.0,5683.0,1893.0,1861.0,2005.0,5759.0,2160.0,2159.0,1541.0,5860.0,0.0,0.0,0.0,0.0,Up is Good
LIB02-H,Books Borrowed,Haxby Explore,Monthly,2015-03-31,33507.0,2598.0,2613.0,2771.0,7982.0,3176.0,3432.0,2951.0,9559.0,2936.0,2885.0,2112.0,7933.0,2853.0,2660.0,2520.0,8033.0,Up is Good
LIB02-H,Books Borrowed,Haxby Explore,Monthly,2016-03-31,69879.0,5209.0,5834.0,5695.0,16738.0,6516.0,6424.0,6309.0,19249.0,6196.0,5757.0,4753.0,16706.0,5874.0,5707.0,5605.0,17186.0,Up is Good
LIB02-H,Books Borrowed,Haxby Explore,Monthly,2017-03-31,44628.0,5984.0,5453.0,5616.0,17053.0,5046.0,3263.0,2768.0,11077.0,2896.0,2884.0,2347.0,8127.0,2987.0,2604.0,2780.0,8371.0,Up is Good
LIB02-H,Books Borrowed,Haxby Explore,Monthly,2018-03-31,32578.0,2440.0,2847.0,2273.0,7560.0,3197.0,3216.0,2889.0,9302.0,2936.0,2445.0,2118.0,7499.0,2690.0,2663.0,2864.0,8217.0,Up is Good
LIB02-H,Books Borrowed,Haxby Explore,Monthly,2019-03-31,28716.0,3101.0,2951.0,2682.0,8734.0,2957.0,2574.0,2370.0,7901.0,2629.0,1921.0,1611.0,6161.0,2538.0,1375.0,2007.0,5920.0,Up is Good
LIB02-H,Books Borrowed,Haxby Explore,Monthly,2020-03-31,23173.0,1925.0,1906.0,1999.0,5830.0,2478.0,2815.0,1652.0,6945.0,1978.0,2154.0,1418.0,5550.0,1567.0,1749.0,1532.0,4848.0,Up is Good
LIB02-H,Books Borrowed,Haxby Explore,Monthly,2021-03-31,4413.0,0.0,0.0,0.0,0.0,2.0,52.0,1265.0,1319.0,1535.0,529.0,782.0,2846.0,222.0,0.0,26.0,248.0,Up is Good
LIB02-H,Books Borrowed,Haxby Explore,Monthly,2022-03-31,18491.0,821.0,1437.0,1525.0,3783.0,1856.0,1865.0,1682.0,5403.0,1648.0,1453.0,1269.0,4370.0,1814.0,1445.0,1676.0,4935.0,Up is Good
LIB02-H,Books Borrowed,Haxby Explore,Monthly,2023-03-31,0.0,1591.0,1589.0,264.0,3444.0,543.0,522.0,602.0,1667.0,567.0,549.0,447.0,1563.0,0.0,0.0,0.0,0.0,Up is Good
LIB02-I,Books Borrowed,Huntington Library,Monthly,2015-03-31,73316.0,5906.0,5611.0,5703.0,17220.0,7048.0,7546.0,6659.0,21253.0,6586.0,5904.0,4700.0,17190.0,6264.0,5405.0,5984.0,17653.0,Up is Good
LIB02-I,Books Borrowed,Huntington Library,Monthly,2016-03-31,27774.0,2519.0,2480.0,2281.0,7280.0,2604.0,2684.0,2209.0,7497.0,2376.0,2265.0,1788.0,6429.0,2135.0,2123.0,2310.0,6568.0,Up is Good
LIB02-I,Books Borrowed,Huntington Library,Monthly,2017-03-31,27320.0,2244.0,1957.0,2016.0,6217.0,2402.0,2554.0,2530.0,7486.0,2123.0,2247.0,1999.0,6369.0,2640.0,2174.0,2434.0,7248.0,Up is Good
LIB02-I,Books Borrowed,Huntington Library,Monthly,2018-03-31,28018.0,2240.0,2301.0,2572.0,7113.0,2490.0,2634.0,2461.0,7585.0,2284.0,2365.0,1832.0,6481.0,2483.0,1945.0,2411.0,6839.0,Up is Good
LIB02-I,Books Borrowed,Huntington Library,Monthly,2019-03-31,21792.0,1940.0,1853.0,1974.0,5767.0,2040.0,2166.0,1734.0,5940.0,1765.0,1674.0,1230.0,4669.0,1982.0,1566.0,1868.0,5416.0,Up is Good
LIB02-I,Books Borrowed,Huntington Library,Monthly,2020-03-31,23497.0,1958.0,1949.0,1832.0,5739.0,2048.0,2276.0,1973.0,6297.0,2111.0,2150.0,1418.0,5679.0,2286.0,1939.0,1557.0,5782.0,Up is Good
LIB02-I,Books Borrowed,Huntington Library,Monthly,2021-03-31,3989.0,0.0,0.0,0.0,0.0,0.0,11.0,956.0,967.0,1509.0,457.0,749.0,2715.0,306.0,0.0,1.0,307.0,Up is Good
LIB02-I,Books Borrowed,Huntington Library,Monthly,2022-03-31,19559.0,960.0,1439.0,1567.0,3966.0,2013.0,1861.0,1574.0,5448.0,1790.0,1919.0,1432.0,5141.0,1776.0,1426.0,1802.0,5004.0,Up is Good
LIB02-I,Books Borrowed,Huntington Library,Monthly,2023-03-31,0.0,1617.0,1761.0,1434.0,4812.0,1869.0,2050.0,1878.0,5797.0,1777.0,1666.0,1180.0,4623.0,0.0,0.0,0.0,0.0,Up is Good
LIB02-J,Books Borrowed,Mobile Library,Monthly,2015-03-31,21861.0,1953.0,1832.0,1522.0,5307.0,1984.0,1671.0,2037.0,5692.0,2081.0,1556.0,1698.0,5335.0,1873.0,1679.0,1975.0,5527.0,Up is Good
LIB02-J,Books Borrowed,Mobile Library,Monthly,2016-03-31,20233.0,1676.0,1660.0,1784.0,5120.0,1724.0,1518.0,1670.0,4912.0,1568.0,1442.0,1811.0,4821.0,1714.0,1753.0,1913.0,5380.0,Up is Good
LIB02-J,Books Borrowed,Mobile Library,Monthly,2017-03-31,17235.0,1665.0,1281.0,1694.0,4640.0,1580.0,1857.0,1551.0,4988.0,1751.0,850.0,1506.0,4107.0,997.0,1393.0,1110.0,3500.0,Up is Good
LIB02-J,Books Borrowed,Mobile Library,Monthly,2018-03-31,18189.0,1035.0,1836.0,1795.0,4666.0,1379.0,1264.0,1614.0,4257.0,1615.0,1453.0,1419.0,4487.0,1774.0,1501.0,1504.0,4779.0,Up is Good
LIB02-J,Books Borrowed,Mobile Library,Monthly,2019-03-31,16812.0,1446.0,1794.0,1607.0,4847.0,1077.0,1567.0,1501.0,4145.0,1464.0,1388.0,656.0,3508.0,1744.0,1403.0,1165.0,4312.0,Up is Good
LIB02-J,Books Borrowed,Mobile Library,Monthly,2020-03-31,13554.0,1261.0,1485.0,1352.0,4098.0,1223.0,1326.0,1175.0,3724.0,1180.0,374.0,737.0,2291.0,1400.0,1059.0,982.0,3441.0,Up is Good
LIB02-J,Books Borrowed,Mobile Library,Monthly,2021-03-31,5326.0,0.0,0.0,0.0,0.0,336.0,659.0,655.0,1650.0,902.0,701.0,385.0,1988.0,563.0,493.0,632.0,1688.0,Up is Good
LIB02-J,Books Borrowed,Mobile Library,Monthly,2022-03-31,10732.0,709.0,936.0,958.0,2603.0,925.0,770.0,963.0,2658.0,927.0,970.0,493.0,2390.0,1088.0,903.0,1090.0,3081.0,Up is Good
LIB02-J,Books Borrowed,Mobile Library,Monthly,2023-03-31,0.0,984.0,1016.0,1004.0,3004.0,830.0,938.0,966.0,2734.0,768.0,931.0,633.0,2332.0,0.0,0.0,0.0,0.0,Up is Good
LIB02-K,Books Borrowed,New Earswick Library,Monthly,2015-03-31,17448.0,1302.0,1566.0,1743.0,4611.0,1576.0,1615.0,1840.0,5031.0,1722.0,1355.0,900.0,3977.0,1280.0,1115.0,1434.0,3829.0,Up is Good
LIB02-K,Books Borrowed,New Earswick Library,Monthly,2016-03-31,14631.0,1141.0,1193.0,1211.0,3545.0,1214.0,1002.0,1195.0,3411.0,1389.0,1188.0,952.0,3529.0,1432.0,1268.0,1446.0,4146.0,Up is Good
LIB02-K,Books Borrowed,New Earswick Library,Monthly,2017-03-31,19951.0,1257.0,1474.0,1280.0,4011.0,1317.0,1932.0,1932.0,5181.0,1759.0,1949.0,1465.0,5173.0,1976.0,1663.0,1947.0,5586.0,Up is Good
LIB02-K,Books Borrowed,New Earswick Library,Monthly,2018-03-31,20322.0,1528.0,1830.0,1688.0,5046.0,1561.0,1721.0,1701.0,4983.0,1845.0,1812.0,1542.0,5199.0,1790.0,1575.0,1729.0,5094.0,Up is Good
LIB02-K,Books Borrowed,New Earswick Library,Monthly,2019-03-31,17982.0,1704.0,1109.0,1224.0,4037.0,1518.0,1666.0,1507.0,4691.0,1417.0,1684.0,1115.0,4216.0,1837.0,1410.0,1791.0,5038.0,Up is Good
LIB02-K,Books Borrowed,New Earswick Library,Monthly,2020-03-31,19537.0,1806.0,1670.0,1546.0,5022.0,1840.0,2016.0,1519.0,5375.0,1679.0,1619.0,1387.0,4685.0,1677.0,1648.0,1130.0,4455.0,Up is Good
LIB02-K,Books Borrowed,New Earswick Library,Monthly,2021-03-31,2911.0,0.0,0.0,0.0,0.0,6.0,343.0,608.0,957.0,1116.0,327.0,399.0,1842.0,112.0,0.0,0.0,112.0,Up is Good
LIB02-K,Books Borrowed,New Earswick Library,Monthly,2022-03-31,16282.0,587.0,1072.0,1300.0,2959.0,1420.0,1395.0,1333.0,4148.0,1386.0,1461.0,1315.0,4162.0,1711.0,1497.0,1805.0,5013.0,Up is Good
LIB02-K,Books Borrowed,New Earswick Library,Monthly,2023-03-31,0.0,1832.0,1824.0,1891.0,5547.0,2156.0,2763.0,2654.0,7573.0,2561.0,2659.0,1983.0,7203.0,0.0,0.0,0.0,0.0,Up is Good
LIB02-L,Books Borrowed,Poppleton Library,Monthly,2015-03-31,31063.0,2388.0,2600.0,2353.0,7341.0,2559.0,3267.0,2536.0,8362.0,2877.0,2603.0,2026.0,7506.0,3229.0,2251.0,2374.0,7854.0,Up is Good
LIB02-L,Books Borrowed,Poppleton Library,Monthly,2016-03-31,25677.0,2307.0,2206.0,2051.0,6564.0,2342.0,2114.0,1968.0,6424.0,2039.0,2162.0,1751.0,5952.0,2117.0,2328.0,2292.0,6737.0,Up is Good
LIB02-L,Books Borrowed,Poppleton Library,Monthly,2017-03-31,28676.0,2414.0,2168.0,2357.0,6939.0,2650.0,2763.0,2350.0,7763.0,2395.0,2283.0,2119.0,6797.0,2485.0,2114.0,2578.0,7177.0,Up is Good
LIB02-L,Books Borrowed,Poppleton Library,Monthly,2018-03-31,27753.0,2274.0,2218.0,2166.0,6658.0,2657.0,2731.0,2551.0,7939.0,2370.0,2114.0,1714.0,6198.0,2552.0,2114.0,2292.0,6958.0,Up is Good
LIB02-L,Books Borrowed,Poppleton Library,Monthly,2019-03-31,25809.0,2186.0,2093.0,2068.0,6347.0,2251.0,2602.0,2261.0,7114.0,2166.0,2258.0,1444.0,5868.0,2307.0,1734.0,2439.0,6480.0,Up is Good
LIB02-L,Books Borrowed,Poppleton Library,Monthly,2020-03-31,23881.0,2138.0,2147.0,1799.0,6084.0,2093.0,2182.0,2172.0,6447.0,2021.0,2082.0,1435.0,5538.0,2184.0,1930.0,1698.0,5812.0,Up is Good
LIB02-L,Books Borrowed,Poppleton Library,Monthly,2021-03-31,4004.0,0.0,0.0,0.0,0.0,0.0,2.0,1086.0,1088.0,1546.0,509.0,667.0,2722.0,194.0,0.0,0.0,194.0,Up is Good
LIB02-L,Books Borrowed,Poppleton Library,Monthly,2022-03-31,21255.0,1023.0,1715.0,1712.0,4450.0,2061.0,2010.0,1979.0,6050.0,2093.0,1798.0,1510.0,5401.0,1969.0,1566.0,1819.0,5354.0,Up is Good
LIB02-L,Books Borrowed,Poppleton Library,Monthly,2023-03-31,0.0,1604.0,1850.0,1802.0,5256.0,2229.0,2093.0,2136.0,6458.0,1975.0,2096.0,1659.0,5730.0,0.0,0.0,0.0,0.0,Up is Good
LIB02-M,Books Borrowed,Rowntree Park Reading Cafe,Monthly,2015-03-31,14118.0,1050.0,1025.0,1538.0,3613.0,1638.0,1878.0,1351.0,4867.0,1142.0,1015.0,774.0,2931.0,869.0,868.0,970.0,2707.0,Up is Good
LIB02-M,Books Borrowed,Rowntree Park Reading Cafe,Monthly,2016-03-31,9926.0,871.0,865.0,752.0,2488.0,1065.0,1046.0,968.0,3079.0,890.0,660.0,474.0,2024.0,622.0,783.0,930.0,2335.0,Up is Good
LIB02-M,Books Borrowed,Rowntree Park Reading Cafe,Monthly,2017-03-31,9935.0,838.0,808.0,765.0,2411.0,979.0,1110.0,977.0,3066.0,888.0,305.0,702.0,1895.0,803.0,890.0,870.0,2563.0,Up is Good
LIB02-M,Books Borrowed,Rowntree Park Reading Cafe,Monthly,2018-03-31,9050.0,996.0,568.0,508.0,2072.0,580.0,470.0,657.0,1707.0,2041.0,583.0,576.0,3200.0,681.0,691.0,699.0,2071.0,Up is Good
LIB02-M,Books Borrowed,Rowntree Park Reading Cafe,Monthly,2019-03-31,6571.0,579.0,605.0,647.0,1831.0,670.0,727.0,542.0,1939.0,533.0,530.0,328.0,1391.0,443.0,439.0,528.0,1410.0,Up is Good
LIB02-M,Books Borrowed,Rowntree Park Reading Cafe,Monthly,2020-03-31,5133.0,538.0,589.0,383.0,1510.0,492.0,562.0,380.0,1434.0,393.0,406.0,328.0,1127.0,364.0,455.0,243.0,1062.0,Up is Good
LIB02-M,Books Borrowed,Rowntree Park Reading Cafe,Monthly,2021-03-31,502.0,0.0,0.0,0.0,0.0,1.0,0.0,100.0,101.0,263.0,23.0,101.0,387.0,14.0,0.0,0.0,14.0,Up is Good
LIB02-M,Books Borrowed,Rowntree Park Reading Cafe,Monthly,2022-03-31,3945.0,104.0,148.0,382.0,634.0,359.0,486.0,396.0,1241.0,397.0,375.0,339.0,1111.0,379.0,277.0,303.0,959.0,Up is Good
LIB02-M,Books Borrowed,Rowntree Park Reading Cafe,Monthly,2023-03-31,0.0,352.0,457.0,385.0,1194.0,488.0,517.0,469.0,1474.0,400.0,383.0,317.0,1100.0,0.0,0.0,0.0,0.0,Up is Good
LIB02-N,Books Borrowed,Strensall Library,Monthly,2015-03-31,27860.0,1971.0,2118.0,2285.0,6374.0,2600.0,2391.0,2352.0,7343.0,2322.0,2122.0,1887.0,6331.0,2799.0,2539.0,2474.0,7812.0,Up is Good
LIB02-N,Books Borrowed,Strensall Library,Monthly,2016-03-31,30131.0,2684.0,2655.0,2702.0,8041.0,2752.0,2852.0,2636.0,8240.0,3025.0,2692.0,1862.0,7579.0,2156.0,1810.0,2305.0,6271.0,Up is Good
LIB02-N,Books Borrowed,Strensall Library,Monthly,2017-03-31,22468.0,2450.0,1838.0,1626.0,5914.0,1704.0,2206.0,1929.0,5839.0,2040.0,1920.0,1660.0,5620.0,1772.0,1571.0,1752.0,5095.0,Up is Good
LIB02-N,Books Borrowed,Strensall Library,Monthly,2018-03-31,18666.0,1466.0,1420.0,1369.0,4255.0,1738.0,2058.0,1574.0,5370.0,1692.0,1383.0,1084.0,4159.0,1696.0,1639.0,1547.0,4882.0,Up is Good
LIB02-N,Books Borrowed,Strensall Library,Monthly,2019-03-31,16959.0,1525.0,1465.0,1420.0,4410.0,1562.0,1613.0,1425.0,4600.0,1341.0,1466.0,950.0,3757.0,1451.0,1181.0,1560.0,4192.0,Up is Good
LIB02-N,Books Borrowed,Strensall Library,Monthly,2020-03-31,17707.0,1514.0,1417.0,1302.0,4233.0,1655.0,1723.0,1530.0,4908.0,1461.0,1372.0,1060.0,3893.0,1705.0,1609.0,1359.0,4673.0,Up is Good
LIB02-N,Books Borrowed,Strensall Library,Monthly,2021-03-31,3457.0,0.0,0.0,0.0,0.0,0.0,2.0,814.0,816.0,1392.0,393.0,751.0,2536.0,105.0,0.0,0.0,105.0,Up is Good
LIB02-N,Books Borrowed,Strensall Library,Monthly,2022-03-31,14994.0,798.0,1284.0,1244.0,3326.0,1437.0,1396.0,1346.0,4179.0,1178.0,1302.0,942.0,3422.0,1344.0,1250.0,1473.0,4067.0,Up is Good
LIB02-N,Books Borrowed,Strensall Library,Monthly,2023-03-31,0.0,1292.0,1324.0,1264.0,3880.0,1243.0,1450.0,1440.0,4133.0,1444.0,1265.0,992.0,3701.0,0.0,0.0,0.0,0.0,Up is Good
LIB02-O,Books Borrowed,Sycamore House Reading Library,Monthly,2015-03-31,7265.0,75.0,75.0,936.0,1086.0,1056.0,804.0,1115.0,2975.0,1071.0,737.0,580.0,2388.0,362.0,197.0,257.0,816.0,Up is Good
LIB02-O,Books Borrowed,Sycamore House Reading Library,Monthly,2016-03-31,2390.0,225.0,169.0,273.0,667.0,274.0,212.0,227.0,713.0,179.0,174.0,170.0,523.0,173.0,109.0,205.0,487.0,Up is Good
LIB02-O,Books Borrowed,Sycamore House Reading Library,Monthly,2017-03-31,1904.0,236.0,178.0,150.0,564.0,106.0,143.0,136.0,385.0,183.0,216.0,112.0,511.0,170.0,109.0,165.0,444.0,Up is Good
LIB02-O,Books Borrowed,Sycamore House Reading Library,Monthly,2018-03-31,928.0,89.0,42.0,23.0,154.0,44.0,61.0,100.0,205.0,90.0,167.0,72.0,329.0,122.0,62.0,56.0,240.0,Up is Good
LIB02-O,Books Borrowed,Sycamore House Reading Library,Monthly,2019-03-31,-1.0,49.0,63.0,24.0,136.0,31.0,8.0,0.0,39.0,-1.0,-1.0,-1.0,-1.0,-1.0,-1.0,-1.0,-1.0,Up is Good
LIB02-P,Books Borrowed,Burnholme/Tang Hall Explore,Monthly,2015-03-31,80133.0,5525.0,5866.0,7127.0,18518.0,8081.0,8406.0,7195.0,23682.0,7282.0,6434.0,5489.0,19205.0,6580.0,5757.0,6391.0,18728.0,Up is Good
LIB02-P,Books Borrowed,Burnholme/Tang Hall Explore,Monthly,2016-03-31,68742.0,5564.0,5778.0,5702.0,17044.0,7165.0,6346.0,6218.0,19729.0,5587.0,5265.0,4656.0,15508.0,5384.0,5447.0,5630.0,16461.0,Up is Good
LIB02-P,Books Borrowed,Burnholme/Tang Hall Explore,Monthly,2017-03-31,67996.0,5794.0,5402.0,5453.0,16649.0,6103.0,6821.0,5749.0,18673.0,5652.0,5611.0,5089.0,16352.0,5501.0,5335.0,5486.0,16322.0,Up is Good
LIB02-P,Books Borrowed,Burnholme/Tang Hall Explore,Monthly,2018-03-31,65816.0,5157.0,5235.0,5615.0,16007.0,6257.0,6169.0,5440.0,17866.0,5735.0,5073.0,5100.0,15908.0,5437.0,4748.0,5850.0,16035.0,Up is Good
LIB02-P,Books Borrowed,Burnholme/Tang Hall Explore,Monthly,2019-03-31,76886.0,5202.0,4556.0,4109.0,13867.0,7770.0,8705.0,6965.0,23440.0,7539.0,6923.0,5540.0,20002.0,6995.0,6064.0,6518.0,19577.0,Up is Good
LIB02-P,Books Borrowed,Burnholme/Tang Hall Explore,Monthly,2020-03-31,80594.0,7031.0,6699.0,6419.0,20149.0,7763.0,7792.0,7045.0,22600.0,6857.0,7125.0,5213.0,19195.0,6546.0,6777.0,5327.0,18650.0,Up is Good
LIB02-P,Books Borrowed,Burnholme/Tang Hall Explore,Monthly,2021-03-31,22289.0,0.0,0.0,0.0,0.0,1534.0,1713.0,3502.0,6749.0,5940.0,2270.0,2047.0,10257.0,2077.0,1746.0,1460.0,5283.0,Up is Good
LIB02-P,Books Borrowed,Burnholme/Tang Hall Explore,Monthly,2022-03-31,78401.0,4037.0,5763.0,6483.0,16283.0,7716.0,7708.0,6769.0,22193.0,7039.0,6989.0,5475.0,19503.0,6788.0,6420.0,7214.0,20422.0,Up is Good
LIB02-P,Books Borrowed,Burnholme/Tang Hall Explore,Monthly,2023-03-31,0.0,6626.0,7203.0,6251.0,20080.0,7937.0,8070.0,6833.0,22840.0,7532.0,7374.0,5683.0,20589.0,0.0,0.0,0.0,0.0,Up is Good
LIB02-Q,Books Borrowed,York Explore,Monthly,2015-03-31,145019.0,27842.0,26741.0,5468.0,60051.0,4549.0,4003.0,3727.0,12279.0,3046.0,3138.0,3216.0,9400.0,20852.0,20591.0,21846.0,63289.0,Up is Good
LIB02-Q,Books Borrowed,York Explore,Monthly,2016-03-31,252971.0,20080.0,21496.0,19883.0,61459.0,23115.0,22830.0,21064.0,67009.0,21863.0,20136.0,17549.0,59548.0,21272.0,21402.0,22281.0,64955.0,Up is Good
LIB02-Q,Books Borrowed,York Explore,Monthly,2017-03-31,261080.0,22217.0,21407.0,21341.0,64965.0,22889.0,24929.0,21115.0,68933.0,22733.0,20329.0,17438.0,60500.0,22723.0,20636.0,23323.0,66682.0,Up is Good
LIB02-Q,Books Borrowed,York Explore,Monthly,2018-03-31,269726.0,22084.0,22609.0,21173.0,65866.0,24009.0,26180.0,23268.0,73457.0,23137.0,21446.0,18724.0,63307.0,22965.0,21032.0,23099.0,67096.0,Up is Good
LIB02-Q,Books Borrowed,York Explore,Monthly,2019-03-31,263082.0,22932.0,22043.0,21704.0,66679.0,23224.0,24532.0,22043.0,69799.0,23337.0,21230.0,17399.0,61966.0,23319.0,20260.0,21059.0,64638.0,Up is Good
LIB02-Q,Books Borrowed,York Explore,Monthly,2020-03-31,240857.0,20382.0,20447.0,19519.0,60348.0,22119.0,23351.0,19996.0,65466.0,21757.0,19734.0,17965.0,59456.0,21238.0,20145.0,14204.0,55587.0,Up is Good
LIB02-Q,Books Borrowed,York Explore,Monthly,2021-03-31,37886.0,0.0,0.0,0.0,0.0,1829.0,1666.0,7740.0,11235.0,12341.0,4107.0,4080.0,20528.0,2661.0,1639.0,1823.0,6123.0,Up is Good
LIB02-Q,Books Borrowed,York Explore,Monthly,2022-03-31,176044.0,7839.0,12775.0,13624.0,34238.0,14489.0,17089.0,15544.0,47122.0,17192.0,15583.0,12435.0,45210.0,17191.0,14954.0,17329.0,49474.0,Up is Good
LIB02-Q,Books Borrowed,York Explore,Monthly,2023-03-31,0.0,16179.0,17348.0,16521.0,50048.0,17774.0,20339.0,17566.0,55679.0,18422.0,16798.0,14178.0,49398.0,0.0,0.0,0.0,0.0,Up is Good
LIB02-R,Books Borrowed,E-Library,Monthly,2015-03-31,14425.0,814.0,837.0,1515.0,3166.0,1163.0,1317.0,1218.0,3698.0,1261.0,1212.0,1080.0,3553.0,1231.0,1340.0,1437.0,4008.0,Up is Good
LIB02-R,Books Borrowed,E-Library,Monthly,2016-03-31,20256.0,1245.0,1439.0,1345.0,4029.0,1665.0,1730.0,1626.0,5021.0,1572.0,1407.0,1802.0,4781.0,2160.0,2014.0,2251.0,6425.0,Up is Good
LIB02-R,Books Borrowed,E-Library,Monthly,2017-03-31,27429.0,2094.0,2117.0,1874.0,6085.0,2351.0,2464.0,2176.0,6991.0,2357.0,2266.0,2285.0,6908.0,2440.0,2503.0,2502.0,7445.0,Up is Good
LIB02-R,Books Borrowed,E-Library,Monthly,2018-03-31,31864.0,2637.0,2518.0,2300.0,7455.0,2578.0,2909.0,2466.0,7953.0,2534.0,2457.0,2602.0,7593.0,2838.0,2938.0,3087.0,8863.0,Up is Good
LIB02-R,Books Borrowed,E-Library,Monthly,2019-03-31,36626.0,2871.0,2745.0,2901.0,8517.0,3078.0,3491.0,2948.0,9517.0,3152.0,2986.0,3062.0,9200.0,3236.0,2952.0,3204.0,9392.0,Up is Good
LIB02-R,Books Borrowed,E-Library,Monthly,2020-03-31,45147.0,3418.0,3278.0,3254.0,9950.0,3616.0,3839.0,3567.0,11022.0,3834.0,3641.0,3624.0,11099.0,4148.0,3959.0,4969.0,13076.0,Up is Good
LIB02-R,Books Borrowed,E-Library,Monthly,2021-03-31,363844.0,23358.0,29903.0,25641.0,78902.0,22945.0,27704.0,30515.0,81164.0,32221.0,32495.0,29702.0,94418.0,36732.0,34980.0,37648.0,109360.0,Up is Good
LIB02-R,Books Borrowed,E-Library,Monthly,2022-03-31,364517.0,34794.0,32890.0,28290.0,95974.0,29328.0,30401.0,28871.0,88600.0,31284.0,30001.0,29516.0,90801.0,29564.0,29209.0,30369.0,89142.0,Up is Good
LIB02-R,Books Borrowed,E-Library,Monthly,2023-03-31,0.0,31599.0,31597.0,30373.0,93569.0,34660.0,33576.0,31210.0,99446.0,36084.0,33650.0,32725.0,102459.0,0.0,0.0,0.0,0.0,Up is Good
LIB02-S,Books Borrowed,Homestead Park,Monthly,2017-03-31,392.0,0.0,0.0,0.0,0.0,111.0,104.0,44.0,259.0,43.0,75.0,15.0,133.0,0.0,0.0,0.0,0.0,Up is Good
LIB02-S,Books Borrowed,Homestead Park,Monthly,2018-03-31,26.0,2.0,9.0,4.0,15.0,1.0,1.0,9.0,11.0,0.0,0.0,0.0,0.0,0.0,0.0,0.0,0.0,Up is Good
LIB02-S,Books Borrowed,Homestead Park,Monthly,2019-03-31,0.0,0.0,0.0,0.0,0.0,0.0,0.0,0.0,0.0,0.0,0.0,0.0,0.0,0.0,0.0,0.0,0.0,Up is Good
LIB02-S,Books Borrowed,Homestead Park,Monthly,2020-03-31,68.0,13.0,19.0,4.0,36.0,12.0,18.0,2.0,32.0,0.0,0.0,0.0,0.0,0.0,0.0,0.0,0.0,Up is Good
LIB02-S,Books Borrowed,Homestead Park,Monthly,2021-03-31,0.0,0.0,0.0,0.0,0.0,0.0,0.0,0.0,0.0,0.0,0.0,0.0,0.0,0.0,0.0,0.0,0.0,Up is Good
LIB02-S,Books Borrowed,Homestead Park,Monthly,2022-03-31,0.0,0.0,0.0,0.0,0.0,0.0,0.0,0.0,0.0,0.0,0.0,0.0,0.0,0.0,0.0,0.0,0.0,Up is Good
LIB02-S,Books Borrowed,Homestead Park,Monthly,2023-03-31,0.0,0.0,0.0,0.0,0.0,0.0,0.0,0.0,0.0,0.0,0.0,0.0,0.0,0.0,0.0,0.0,0.0,Up is Good
TAP13a,"% of Talkabout panel who give unpaid help to any group, club or organisation",No Name,Quarterly,2013-03-31,45.0,0.0,0.0,0.0,0.0,0.0,0.0,0.0,0.0,0.0,0.0,0.0,0.0,0.0,0.0,0.0,0.0,Up is Good
TAP13a,"% of Talkabout panel who give unpaid help to any group, club or organisation",No Name,Quarterly,2014-03-31,55.0,0.0,0.0,0.0,0.0,0.0,0.0,0.0,0.0,0.0,0.0,0.0,0.0,0.0,0.0,0.0,0.0,Up is Good
TAP13a,"% of Talkabout panel who give unpaid help to any group, club or organisation",No Name,Quarterly,2015-03-31,-1.0,0.0,0.0,0.0,0.0,0.0,0.0,0.0,0.0,0.0,0.0,0.0,0.0,0.0,0.0,0.0,0.0,Up is Good
TAP13a,"% of Talkabout panel who give unpaid help to any group, club or organisation",No Name,Quarterly,2016-03-31,-1.0,0.0,0.0,0.0,0.0,0.0,0.0,0.0,0.0,0.0,0.0,0.0,0.0,0.0,0.0,0.0,0.0,Up is Good
TAP13a,"% of Talkabout panel who give unpaid help to any group, club or organisation",No Name,Quarterly,2017-03-31,64.3,0.0,0.0,0.0,64.8,0.0,0.0,0.0,-1.0,0.0,0.0,0.0,64.3,0.0,0.0,0.0,-1.0,Up is Good
TAP13a,"% of Talkabout panel who give unpaid help to any group, club or organisation",No Name,Quarterly,2018-03-31,66.22,0.0,0.0,0.0,66.44,0.0,0.0,0.0,-1.0,0.0,0.0,0.0,66.22,0.0,0.0,0.0,-1.0,Up is Good
TAP13a,"% of Talkabout panel who give unpaid help to any group, club or organisation",No Name,Quarterly,2019-03-31,64.72,0.0,0.0,0.0,67.83,0.0,0.0,0.0,-1.0,0.0,0.0,0.0,64.72,0.0,0.0,0.0,-1.0,Up is Good
TAP13a,"% of Talkabout panel who give unpaid help to any group, club or organisation",No Name,Quarterly,2020-03-31,67.17,0.0,0.0,0.0,64.98,0.0,0.0,0.0,-1.0,0.0,0.0,0.0,67.17,0.0,0.0,0.0,-1.0,Up is Good
TAP13a,"% of Talkabout panel who give unpaid help to any group, club or organisation",No Name,Quarterly,2021-03-31,71.22,0.0,0.0,0.0,72.27,0.0,0.0,0.0,71.22,0.0,0.0,0.0,-1.0,0.0,0.0,0.0,-1.0,Up is Good
TAP13a,"% of Talkabout panel who give unpaid help to any group, club or organisation",No Name,Quarterly,2022-03-31,61.35,0.0,0.0,0.0,56.0,0.0,0.0,0.0,-1.0,0.0,0.0,0.0,61.35,0.0,0.0,0.0,-1.0,Up is Good
TAP13a,"% of Talkabout panel who give unpaid help to any group, club or organisation",No Name,Quarterly,2023-03-31,0.0,0.0,0.0,0.0,65.38,0.0,0.0,0.0,0.0,0.0,0.0,0.0,60.64,0.0,0.0,0.0,0.0,Up is Good
TAP13b,"% of Talkabout panel who do not give unpaid help to any group, club or organisation",No Name,Quarterly,2013-03-31,54.0,0.0,0.0,0.0,0.0,0.0,0.0,0.0,0.0,0.0,0.0,0.0,0.0,0.0,0.0,0.0,0.0,Up is Bad
TAP13b,"% of Talkabout panel who do not give unpaid help to any group, club or organisation",No Name,Quarterly,2014-03-31,45.0,0.0,0.0,0.0,0.0,0.0,0.0,0.0,0.0,0.0,0.0,0.0,0.0,0.0,0.0,0.0,0.0,Up is Bad
TAP13b,"% of Talkabout panel who do not give unpaid help to any group, club or organisation",No Name,Quarterly,2015-03-31,-1.0,0.0,0.0,0.0,0.0,0.0,0.0,0.0,0.0,0.0,0.0,0.0,0.0,0.0,0.0,0.0,0.0,Up is Bad
TAP13b,"% of Talkabout panel who do not give unpaid help to any group, club or organisation",No Name,Quarterly,2016-03-31,-1.0,0.0,0.0,0.0,0.0,0.0,0.0,0.0,0.0,0.0,0.0,0.0,0.0,0.0,0.0,0.0,0.0,Up is Bad
TAP13b,"% of Talkabout panel who do not give unpaid help to any group, club or organisation",No Name,Quarterly,2017-03-31,32.66,0.0,0.0,0.0,32.5,0.0,0.0,0.0,-1.0,0.0,0.0,0.0,32.66,0.0,0.0,0.0,-1.0,Up is Bad
TAP13b,"% of Talkabout panel who do not give unpaid help to any group, club or organisation",No Name,Quarterly,2018-03-31,31.32,0.0,0.0,0.0,30.65,0.0,0.0,0.0,-1.0,0.0,0.0,0.0,31.32,0.0,0.0,0.0,-1.0,Up is Bad
TAP13b,"% of Talkabout panel who do not give unpaid help to any group, club or organisation",No Name,Quarterly,2019-03-31,30.79,0.0,0.0,0.0,30.0,0.0,0.0,0.0,-1.0,0.0,0.0,0.0,30.79,0.0,0.0,0.0,-1.0,Up is Bad
TAP13b,"% of Talkabout panel who do not give unpaid help to any group, club or organisation",No Name,Quarterly,2020-03-31,30.58,0.0,0.0,0.0,31.86,0.0,0.0,0.0,-1.0,0.0,0.0,0.0,30.58,0.0,0.0,0.0,-1.0,Up is Bad
TAP13b,"% of Talkabout panel who do not give unpaid help to any group, club or organisation",No Name,Quarterly,2021-03-31,24.81,0.0,0.0,0.0,24.79,0.0,0.0,0.0,24.81,0.0,0.0,0.0,-1.0,0.0,0.0,0.0,-1.0,Up is Bad
TAP13b,"% of Talkabout panel who do not give unpaid help to any group, club or organisation",No Name,Quarterly,2022-03-31,36.25,0.0,0.0,0.0,41.0,0.0,0.0,0.0,-1.0,0.0,0.0,0.0,36.25,0.0,0.0,0.0,-1.0,Up is Bad
TAP13b,"% of Talkabout panel who do not give unpaid help to any group, club or organisation",No Name,Quarterly,2023-03-31,0.0,0.0,0.0,0.0,33.46,0.0,0.0,0.0,0.0,0.0,0.0,0.0,36.17,0.0,0.0,0.0,0.0,Up is Bad
TAP31a,% of panel who think that the council and partners are doing well conserving York's heritage,No Name,Quarterly,2013-03-31,81.0,0.0,0.0,0.0,0.0,0.0,0.0,0.0,0.0,0.0,0.0,0.0,0.0,0.0,0.0,0.0,0.0,Up is Good
TAP31a,% of panel who think that the council and partners are doing well conserving York's heritage,No Name,Quarterly,2014-03-31,70.0,0.0,0.0,0.0,0.0,0.0,0.0,0.0,0.0,0.0,0.0,0.0,0.0,0.0,0.0,0.0,0.0,Up is Good
TAP31a,% of panel who think that the council and partners are doing well conserving York's heritage,No Name,Quarterly,2015-03-31,-1.0,0.0,0.0,0.0,0.0,0.0,0.0,0.0,0.0,0.0,0.0,0.0,0.0,0.0,0.0,0.0,0.0,Up is Good
TAP31a,% of panel who think that the council and partners are doing well conserving York's heritage,No Name,Quarterly,2016-03-31,-1.0,0.0,0.0,0.0,0.0,0.0,0.0,0.0,0.0,0.0,0.0,0.0,0.0,0.0,0.0,0.0,0.0,Up is Good
TAP31a,% of panel who think that the council and partners are doing well conserving York's heritage,No Name,Quarterly,2017-03-31,76.41,0.0,0.0,0.0,77.4,0.0,0.0,0.0,-1.0,0.0,0.0,0.0,76.41,0.0,0.0,0.0,-1.0,Up is Good
TAP31a,% of panel who think that the council and partners are doing well conserving York's heritage,No Name,Quarterly,2018-03-31,69.48,0.0,0.0,0.0,76.4,0.0,0.0,0.0,-1.0,0.0,0.0,0.0,69.48,0.0,0.0,0.0,-1.0,Up is Good
TAP31a,% of panel who think that the council and partners are doing well conserving York's heritage,No Name,Quarterly,2019-03-31,76.67,0.0,0.0,0.0,74.84,0.0,0.0,0.0,-1.0,0.0,0.0,0.0,76.67,0.0,0.0,0.0,-1.0,Up is Good
TAP31a,% of panel who think that the council and partners are doing well conserving York's heritage,No Name,Quarterly,2020-03-31,74.75,0.0,0.0,0.0,74.58,0.0,0.0,0.0,-1.0,0.0,0.0,0.0,74.75,0.0,0.0,0.0,-1.0,Up is Good
TAP31a,% of panel who think that the council and partners are doing well conserving York's heritage,No Name,Quarterly,2021-03-31,62.78,0.0,0.0,0.0,69.78,0.0,0.0,0.0,62.78,0.0,0.0,0.0,-1.0,0.0,0.0,0.0,-1.0,Up is Good
TAP31a,% of panel who think that the council and partners are doing well conserving York's heritage,No Name,Quarterly,2022-03-31,70.28,0.0,0.0,0.0,76.0,0.0,0.0,0.0,-1.0,0.0,0.0,0.0,70.28,0.0,0.0,0.0,-1.0,Up is Good
TAP31a,% of panel who think that the council and partners are doing well conserving York's heritage,No Name,Quarterly,2023-03-31,0.0,0.0,0.0,0.0,71.67,0.0,0.0,0.0,0.0,0.0,0.0,0.0,70.32,0.0,0.0,0.0,0.0,Up is Good
TAP31b,% of panel who think that the council and partners are not doing well conserving York's heritage,No Name,Quarterly,2013-03-31,7.0,0.0,0.0,0.0,0.0,0.0,0.0,0.0,0.0,0.0,0.0,0.0,0.0,0.0,0.0,0.0,0.0,Up is Bad
TAP31b,% of panel who think that the council and partners are not doing well conserving York's heritage,No Name,Quarterly,2014-03-31,16.0,0.0,0.0,0.0,0.0,0.0,0.0,0.0,0.0,0.0,0.0,0.0,0.0,0.0,0.0,0.0,0.0,Up is Bad
TAP31b,% of panel who think that the council and partners are not doing well conserving York's heritage,No Name,Quarterly,2015-03-31,-1.0,0.0,0.0,0.0,0.0,0.0,0.0,0.0,0.0,0.0,0.0,0.0,0.0,0.0,0.0,0.0,0.0,Up is Bad
TAP31b,% of panel who think that the council and partners are not doing well conserving York's heritage,No Name,Quarterly,2016-03-31,-1.0,0.0,0.0,0.0,0.0,0.0,0.0,0.0,0.0,0.0,0.0,0.0,0.0,0.0,0.0,0.0,0.0,Up is Bad
TAP31b,% of panel who think that the council and partners are not doing well conserving York's heritage,No Name,Quarterly,2017-03-31,15.32,0.0,0.0,0.0,14.0,0.0,0.0,0.0,-1.0,0.0,0.0,0.0,15.32,0.0,0.0,0.0,-1.0,Up is Bad
TAP31b,% of panel who think that the council and partners are not doing well conserving York's heritage,No Name,Quarterly,2018-03-31,21.0,0.0,0.0,0.0,15.96,0.0,0.0,0.0,-1.0,0.0,0.0,0.0,21.0,0.0,0.0,0.0,-1.0,Up is Bad
TAP31b,% of panel who think that the council and partners are not doing well conserving York's heritage,No Name,Quarterly,2019-03-31,16.44,0.0,0.0,0.0,17.55,0.0,0.0,0.0,-1.0,0.0,0.0,0.0,16.44,0.0,0.0,0.0,-1.0,Up is Bad
TAP31b,% of panel who think that the council and partners are not doing well conserving York's heritage,No Name,Quarterly,2020-03-31,17.75,0.0,0.0,0.0,17.44,0.0,0.0,0.0,-1.0,0.0,0.0,0.0,17.75,0.0,0.0,0.0,-1.0,Up is Bad
TAP31b,% of panel who think that the council and partners are not doing well conserving York's heritage,No Name,Quarterly,2021-03-31,17.62,0.0,0.0,0.0,13.64,0.0,0.0,0.0,17.62,0.0,0.0,0.0,-1.0,0.0,0.0,0.0,-1.0,Up is Bad
TAP31b,% of panel who think that the council and partners are not doing well conserving York's heritage,No Name,Quarterly,2022-03-31,20.68,0.0,0.0,0.0,16.0,0.0,0.0,0.0,-1.0,0.0,0.0,0.0,20.68,0.0,0.0,0.0,-1.0,Up is Bad
TAP31b,% of panel who think that the council and partners are not doing well conserving York's heritage,No Name,Quarterly,2023-03-31,0.0,0.0,0.0,0.0,18.54,0.0,0.0,0.0,0.0,0.0,0.0,0.0,18.18,0.0,0.0,0.0,0.0,Up is Bad
